crop_name,state_code,harvest_year,grid_cells,days_in_window,precipitation_mm,temp_mean_c,temp_max_c,dry_days,growing_degree_days,normal_precipitation_mm,precipitation_anomaly_mm,precipitation_anomaly_z,normal_temp_mean_c,temp_anomaly_c,temp_anomaly_z,normal_dry_days,dry_days_anomaly,dry_days_anomaly_z,max_dry_spell_days,max_dry_spell_worst_cell,normal_max_dry_spell_days,dry_spell_anomaly_days,yield_kg_ha,planted_area_ha,production_t,yield_trend_kg_ha,yield_residual_kg_ha,yield_residual_pct
MILHO 2A SAFRA,BA,2003,6,153,294.2977806139611,23.386017246155717,34.2,104.12138808137935,2122.4606513067693,286.92541012390734,7.372370490053754,0.05854181704412673,23.58800028104237,-0.20198303488665204,-0.2011123681441099,112.83609988093444,-8.71471179955509,-0.67019713569135,64.07575260735094,65,69.05260164010203,-4.97684903275109,799.87,317800.0,254200.0,1049.5716089592315,-249.70160895923152,-0.23790812063489292
MILHO 2A SAFRA,GO,2003,33,181,613.0814880341942,21.025527612153834,34.31,108.20676681320053,2074.424946028415,543.0513014755227,70.03018655867152,0.7660822402294428,21.700579946411505,-0.6750523342576713,-1.2808382773380966,112.04341770896173,-3.8366508957611956,-0.3873993755894255,62.50620261446105,68,49.7287022785315,12.777500335929552,4200.0,238500.0,1001700.0,3694.841882352921,505.15811764707905,0.13671982015246295
MILHO 2A SAFRA,MG,2003,49,153,336.0439577973771,19.95792688489588,33.93,108.37870726220828,1592.4973274648748,293.5412547132784,42.5027030840987,0.5938945788062118,20.649671437923917,-0.6917445530280375,-1.0178232996550576,111.31699015986923,-2.9382828976609545,-0.3912745734388723,50.017285507674444,68,47.04983821678689,2.9674472908875558,4099.32,29200.0,119700.0,3410.0992265480454,689.2207734519543,0.20211164768646175
MILHO 2A SAFRA,MS,2003,19,184,484.28167685017894,20.428482047634244,35.5,136.26908744421465,2028.0448303344047,470.74865403218394,13.533022817995004,0.11323288003717186,21.33654202042826,-0.9080599727940175,-1.2914883833854436,130.5071737667827,5.761913677431949,0.49711367507965665,35.14390958252447,80,32.90905817671884,2.2348514058056352,4049.96,582500.0,2359100.0,2801.223680672294,1248.736319327706,0.4457824371340489
MILHO 2A SAFRA,MT,2003,38,153,504.8933512344889,23.075025543526102,35.76,95.51807015953112,2050.0598120849836,409.02558510127227,95.8677661332166,1.1631397179574605,23.92990926373284,-0.8548837202067361,-1.0319243278491348,101.32398142366911,-5.80591126413799,-0.7795123371922797,53.99947516335195,69,49.810345129437174,4.189130033914779,3489.06,703800.0,2455600.0,3184.3739327730727,304.6860672269272,0.09568162334553314
MILHO 2A SAFRA,PR,2003,50,153,389.15091066334367,16.825826152085025,33.74,119.69667835752007,1141.665255397219,516.6276180966289,-127.47670743328524,-0.9016822253366192,17.438139715889985,-0.6123135638049604,-0.9358148815951685,107.35853948475696,12.33813887276311,1.3913613186270344,20.763121470781396,28,21.716537867225618,-0.9534163964442222,4080.02,1352200.0,5517000.0,3005.391899159673,1074.628100840327,0.3575667123947463
MILHO 2A SAFRA,BA,2004,6,153,334.9300932039487,22.265399585917528,32.86,111.30630374354507,1945.6040909609783,286.92541012390734,48.00468308004133,0.38119101283969453,23.58800028104237,-1.3226006951248408,-1.316899501261928,112.83609988093444,-1.5297961373893685,-0.11764760706399818,77.14380432168832,95,69.05260164010203,8.091202681586296,734.09,298600.0,219200.0,1134.8235341269174,-400.73353412691733,-0.3531240955759909
MILHO 2A SAFRA,GO,2004,33,182,725.694919331342,20.99368457784402,34.46,100.01268104145545,2086.743342998316,543.0513014755227,182.64361785581934,1.9979959901059365,21.700579946411505,-0.7068953685674835,-1.3412569665874987,112.04341770896173,-12.030736667506275,-1.214783413841996,41.48132815048737,79,49.7287022785315,-8.247374128044129,4368.11,205100.0,895900.0,3819.5204257702862,548.5895742297134,0.14362786765803953
MILHO 2A SAFRA,MG,2004,49,153,361.04430809695003,19.58127229994467,31.44,101.21591187884417,1533.8630726292433,293.5412547132784,67.50305338367161,0.9432270078941737,20.649671437923917,-1.0683991379792488,-1.5720276093342544,111.31699015986923,-10.101078281025067,-1.3451036654186699,38.267479999954276,73,47.04983821678689,-8.782358216832613,3761.54,26000.0,97800.0,3526.194886169833,235.34511383016707,0.06674194746104913
MILHO 2A SAFRA,MS,2004,19,184,618.641678987064,20.649627230137792,39.71,116.57779860272564,2068.262581868542,470.74865403218394,147.89302495488005,1.2374436501195132,21.33654202042826,-0.6869147902904693,-0.9769646263628745,130.5071737667827,-13.929375164057063,-1.2017678964003335,35.994253820593364,46,32.90905817671884,3.0851956438745276,3421.0,530400.0,1814500.0,2924.0566862745327,496.9433137254673,0.1699499589245687
MILHO 2A SAFRA,MT,2004,38,153,408.69939174549586,23.180292632841933,35.16,93.19704066578026,2068.315987450148,409.02558510127227,-0.32619335577641095,-0.003957622704070847,23.92990926373284,-0.7496166308909054,-0.9048571398570602,101.32398142366911,-8.126940757888846,-1.0911380309126555,39.65135175644681,73,49.810345129437174,-10.158993372990366,3419.94,809400.0,2768100.0,3365.9605630251463,53.9794369748538,0.016036859601925923
MILHO 2A SAFRA,PR,2004,50,153,634.8562890982879,16.85730845033599,35.86,94.26856320202947,1137.5220948692504,516.6276180966289,118.228671001659,0.8362679999650785,17.438139715889985,-0.5808312655539964,-0.8876996593436914,107.35853948475696,-13.089976282727491,-1.476145377301429,29.855831586141647,43,21.716537867225618,8.13929371891603,3350.04,1095300.0,3669300.0,3133.817535014008,216.2224649859918,0.06899650747695024
MILHO 2A SAFRA,BA,2005,6,153,351.18547401513916,23.25018669273885,33.25,105.12028054913897,2090.891499212023,286.92541012390734,64.26006389123182,0.5102701917435729,23.58800028104237,-0.3378135883035185,-0.3363574112702357,112.83609988093444,-7.715819331795473,-0.5933782016687312,66.66386644280426,67,69.05260164010203,-2.3887351972977626,1079.91,386700.0,417600.0,1220.0754592946032,-140.16545929460312,-0.11488261502746802
MILHO 2A SAFRA,GO,2005,33,181,446.5082191455913,22.01909130158053,37.09,126.31788737029267,2265.720118796359,543.0513014755227,-96.5430823299314,-1.0561151472587538,21.700579946411505,0.31851135516902573,0.6043406040747004,112.04341770896173,14.27446966133094,1.4413405816461866,40.50162360940722,67,49.7287022785315,-9.227078669124282,3525.21,180500.0,636300.0,3944.1989691876806,-418.9889691876806,-0.1062291665458177
MILHO 2A SAFRA,MG,2005,49,153,299.504985227428,20.72994547524146,35.81,114.7564056892127,1723.2576050324708,293.5412547132784,5.9637305141495744,0.08333181103344221,20.649671437923917,0.0802740373175439,0.11811410033013175,111.31699015986923,3.4394155293434636,0.4580075816369477,35.13815024815205,67,47.04983821678689,-11.911687968634837,4000.0,26000.0,104000.0,3642.2905457916495,357.7094542083505,0.09821002737457414
MILHO 2A SAFRA,MS,2005,19,184,373.084909168505,22.28558482985875,40.34,142.0624607488271,2384.5623470079704,470.74865403218394,-97.66374486367891,-0.8171675504326337,21.33654202042826,0.9490428094304875,1.3497762267217457,130.5071737667827,11.555286982044407,0.9969415544601506,27.656979484681912,55,32.90905817671884,-5.252078692036925,1979.9,482700.0,955700.0,3046.8896918767714,-1066.9896918767713,-0.35018980001850514
MILHO 2A SAFRA,MT,2005,38,153,445.5738914339057,24.070009192463665,36.71,109.43462398584767,2209.6948643652636,409.02558510127227,36.548306332633445,0.443431493547995,23.92990926373284,0.14009992873082666,0.1691136716842708,101.32398142366911,8.110642562178555,1.0889498051454756,46.90899081973392,67,49.810345129437174,-2.901354309703251,3150.05,925000.0,2913800.0,3547.547193277278,-397.4971932772778,-0.11204845816584158
MILHO 2A SAFRA,PR,2005,50,153,532.473854993126,18.498459336652854,37.66,105.931184090348,1402.5007619769099,516.6276180966289,15.84623689649709,0.11208534041815038,17.438139715889985,1.0603196207628685,1.6205142904090595,107.35853948475696,-1.4273553944089628,-0.1609616413135339,17.25965499989718,24,21.716537867225618,-4.456882867328439,2210.98,848900.0,1876900.0,3262.2431708683434,-1051.2631708683434,-0.32225162742497776
MILHO 2A SAFRA,BA,2006,6,153,586.8169245297318,21.904761354623684,34.33,99.66276922203645,1886.0772999245212,286.92541012390734,299.8915144058244,2.3813499597066317,23.58800028104237,-1.683238926418685,-1.6759831677664423,112.83609988093444,-13.173330658897996,-1.0130832410957311,76.0,76,69.05260164010203,6.947398359897974,1235.11,382800.0,472800.0,1305.327384462289,-70.21738446228915,-0.05379292987959047
MILHO 2A SAFRA,GO,2006,33,181,570.8297337901154,21.37426528764271,36.52,108.87895027362708,2146.537226377255,543.0513014755227,27.778432314592692,0.30387700937789436,21.700579946411505,-0.3263146587687942,-0.6191465227169408,112.04341770896173,-3.164467435334643,-0.3195267804730743,47.295465400563764,78,49.7287022785315,-2.4332368779677367,4000.0,202200.0,808800.0,4068.877512605046,-68.87751260504592,-0.01692789040507341
MILHO 2A SAFRA,MG,2006,49,153,324.38218883487565,20.114727117711915,35.14,107.6524146962004,1618.0196881621114,293.5412547132784,30.84093412159723,0.43094349890863,20.649671437923917,-0.5349443202120021,-0.7871096212417059,111.31699015986923,-3.6645754636688395,-0.48799086109884643,42.8853363544882,81,47.04983821678689,-4.164501862298685,3838.06,24700.0,94800.0,3758.386205413437,79.67379458656296,0.02119893758438232
MILHO 2A SAFRA,MS,2006,19,184,398.3485492689348,21.608326751999954,38.37,140.63284095040711,2265.695888199244,470.74865403218394,-72.40010476324915,-0.6057827942501214,21.33654202042826,0.27178473157169236,0.38654586054085815,130.5071737667827,10.125667183624415,0.8735999718288837,25.59699764699662,54,32.90905817671884,-7.312060529722217,3300.02,521299.99999999994,1720300.0,3169.72269747901,130.2973025209899,0.041106845915770435
MILHO 2A SAFRA,MT,2006,38,153,492.76975649517516,23.130706790185677,37.69,102.79414150786127,2055.6226483765126,409.02558510127227,83.74417139390289,1.0160471639688682,23.92990926373284,-0.7992024735471617,-0.9647118734827235,101.32398142366911,1.470160084192159,0.1973864000220089,45.743679726896424,107,49.810345129437174,-4.06666540254075,3900.01,911100.0,3553300.0,3729.1338235293515,170.87617647064872,0.04582194808684204
MILHO 2A SAFRA,PR,2006,50,153,213.90382386528287,18.2214472140058,36.21,124.80919808784272,1372.4959984866634,516.6276180966289,-302.723794231346,-2.1412591362050866,17.438139715889985,0.7833074981158141,1.1971493968658022,107.35853948475696,17.450658603085756,1.9678957754721793,22.1537317921053,33,21.716537867225618,0.4371939248796828,3500.0,976200.0,3416700.0,3390.668806722708,109.33119327729219,0.03224472796060774
MILHO 2A SAFRA,BA,2007,6,153,155.14658482853025,23.943284147880842,34.88,132.86284535173837,2202.4907554984434,286.92541012390734,-131.7788252953771,-1.0464167381630947,23.58800028104237,0.355283866838473,0.3537523825373701,112.83609988093444,20.02674547080393,1.5401389925984397,67.25586152152886,104,69.05260164010203,-1.7967401185731688,1244.96,386600.0,481300.0,1390.579309629975,-145.61930962997485,-0.1047184498011288
MILHO 2A SAFRA,GO,2007,33,181,471.06865514957434,21.62647376226242,35.42,128.70037347285262,2186.5207590234945,543.0513014755227,-71.98264632594834,-0.7874408118108586,21.700579946411505,-0.07410618414908399,-0.14060841275364253,112.04341770896173,16.656955763890892,1.6819081113898826,37.220033121169514,55,49.7287022785315,-12.508669157361986,3765.02,244700.0,921300.0,4193.556056022411,-428.53605602241123,-0.10218918032751367
MILHO 2A SAFRA,MG,2007,49,153,151.37606556119434,20.798415046081573,34.74,126.06430596192207,1726.2722052711622,293.5412547132784,-142.16518915208408,-1.9864885996855612,20.649671437923917,0.14874360815765542,0.21885927311593523,111.31699015986923,14.747315802052839,1.9638169300886659,45.87435857552113,88,47.04983821678689,-1.1754796412657598,3280.94,29900.0,98100.0,3874.4818650352536,-593.5418650352535,-0.1531925779267657
MILHO 2A SAFRA,MS,2007,19,184,332.53242690354637,20.900811655080147,37.87,145.97893698202816,2123.452792347699,470.74865403218394,-138.21622712863757,-1.1564763967468317,21.33654202042826,-0.43573036534811393,-0.6197175539010741,130.5071737667827,15.47176321524546,1.3348386495302114,43.1586020756885,55,32.90905817671884,10.249543898969662,3229.94,740200.0,2390800.0,3292.555703081249,-62.61570308124874,-0.019017355734529118
MILHO 2A SAFRA,MT,2007,38,153,307.3993068680801,23.93336648224921,37.41,109.56984949602362,2183.7829304737747,409.02558510127227,-101.62627823319218,-1.2330063103479918,23.92990926373284,0.003457218516370375,0.004173184971717948,101.32398142366911,8.245868072354511,1.107105431142789,40.52236299125639,59,49.810345129437174,-9.287982138180787,3569.97,1421300.0,5074000.0,3910.7204537814832,-340.75045378148343,-0.08713239869957816
MILHO 2A SAFRA,PR,2007,50,153,451.99280833078603,17.186384514036167,35.58,115.47687843027394,1193.5259147114725,516.6276180966289,-64.63480976584287,-0.4571820238954245,17.438139715889985,-0.2517552018538183,-0.38476407896272397,107.35853948475696,8.118338945516982,0.9154981068685356,34.594680749691896,43,21.716537867225618,12.878142882466278,3469.99,1454500.0,5047100.0,3519.094442577043,-49.1044425770433,-0.013953715473769432
MILHO 2A SAFRA,BA,2008,6,153,351.644775540266,22.967808819906764,32.9,105.26908673590236,2052.0297416306635,286.92541012390734,64.71936541635864,0.5139173695255819,23.58800028104237,-0.6201914611356045,-0.6175180678997696,112.83609988093444,-7.567013145032078,-0.5819343946403599,72.93639373166586,92,69.05260164010203,3.8837920915638335,1414.88,353600.0,500300.0,1475.8312347976607,-60.95123479766062,-0.04129959670220501
MILHO 2A SAFRA,GO,2008,33,182,685.1286717820657,21.082406171182907,35.07,101.17536433386593,2099.6829318312966,543.0513014755227,142.077370306543,1.5542290472003184,21.700579946411505,-0.6181737752285983,-1.1729174068112451,112.04341770896173,-10.868053375095798,-1.0973834226189967,49.07382529956588,87,49.7287022785315,-0.6548769789656177,4670.11,271300.0,1267000.0,4318.2345994397765,351.87540056022317,0.08148593886165274
MILHO 2A SAFRA,MG,2008,49,153,381.3035475146437,20.11193415617886,34.8,103.18391320080671,1617.1851188828387,293.5412547132784,87.76229280136528,1.2263114140106117,20.649671437923917,-0.5377372817450556,-0.7912191459368241,111.31699015986923,-8.133076959062521,-1.083036020948146,43.114052098314694,96,47.04983821678689,-3.935786118472194,5448.36,39700.0,216300.0,3990.577524657041,1457.7824753429586,0.3653061408619655
MILHO 2A SAFRA,MS,2008,19,184,384.5387552376256,21.24582950256538,37.84,136.95220972717678,2177.8799444807137,470.74865403218394,-86.20989879455834,-0.7213314615298357,21.33654202042826,-0.09071251786288315,-0.1290158872294365,130.5071737667827,6.44503596039408,0.5560505921567385,35.090229915116254,64,32.90905817671884,2.181171738397417,3254.97,890300.0,2897900.0,3415.3887086834875,-160.4187086834877,-0.0469693854393878
MILHO 2A SAFRA,MT,2008,38,153,343.51453162264016,23.22384109731812,36.15,102.5604663210705,2079.486029014647,409.02558510127227,-65.5110534786321,-0.7948292876705586,23.92990926373284,-0.7060681664147168,-0.8522900843953124,101.32398142366911,1.2364848974013967,0.1660127391594614,45.324749635598785,63,49.810345129437174,-4.485595493838389,4237.02,1656000.0,7016500.0,4092.3070840335567,144.7129159664437,0.035362183969783696
MILHO 2A SAFRA,PR,2008,50,153,545.67202755631,17.425601940938027,35.58,102.50359141436483,1223.507792619814,516.6276180966289,29.044409459681106,0.20544010182330055,17.438139715889985,-0.012537774951958625,-0.019161810346359307,107.35853948475696,-4.854948070392126,-0.5474883220838472,22.93294027689073,27,21.716537867225618,1.2164024096651112,3526.98,1604600.0,5659400.0,3647.5200784313784,-120.54007843137833,-0.03304713225409215
MILHO 2A SAFRA,BA,2009,6,153,448.6165516108222,22.983440133083572,35.93,95.3085198341675,2041.2652801802287,286.92541012390734,161.6911414869149,1.2839416081100887,23.58800028104237,-0.6045601479587965,-0.6019541349587965,112.83609988093444,-17.527580046766943,-1.3479429054147007,57.66386644280427,58,69.05260164010203,-11.388735197297756,1509.97,305900.0,461900.0,1561.0831599653757,-51.113159965375644,-0.03274211219247879
MILHO 2A SAFRA,GO,2009,33,181,455.0525238213937,21.86554489271803,35.58,114.89003187181208,2237.6708513845115,543.0513014755227,-87.99877765412896,-0.9626463106198899,21.700579946411505,0.16496494630652592,0.3130030175819974,112.04341770896173,2.846614162850358,0.28743208052903957,24.328738739376703,60,49.7287022785315,-25.399963539154797,4568.93,371400.0,1696900.0,4442.913142857142,126.0168571428585,0.028363565320977616
MILHO 2A SAFRA,MG,2009,49,153,335.9296350159321,20.539918821523464,37.33,103.6492777749128,1677.567334311605,293.5412547132784,42.38838030265367,0.5922971349918759,20.649671437923917,-0.10975261640045275,-0.1614884709702324,111.31699015986923,-7.667712384956431,-1.0210660433902077,23.385340304508578,44,47.04983821678689,-23.66449791227831,5677.42,31000.0,176000.0,4106.673184278858,1570.7468157211424,0.3824864422458223
MILHO 2A SAFRA,MS,2009,19,184,500.5681906510809,21.76571572973948,39.3,125.27072362321759,2270.35137717095,470.74865403218394,29.81953661889696,0.24950464195196478,21.33654202042826,0.42917370931121823,0.6103923492238433,130.5071737667827,-5.236450143565108,-0.4517788916961418,28.957061252177162,34,32.90905817671884,-3.9519969245416746,2120.05,853800.0,1810100.0,3538.221714285726,-1418.171714285726,-0.4008148241699482
MILHO 2A SAFRA,MT,2009,38,153,460.2089680851174,23.475872429908186,37.02,98.04514688272121,2108.210404454545,409.02558510127227,51.18338298384515,0.6209952317571629,23.92990926373284,-0.4540368338246523,-0.548064775932274,101.32398142366911,-3.278834540947898,-0.4402223630368467,32.347599357389875,45,49.810345129437174,-17.4627457720473,5002.98,1509300.0,7551000.0,4273.8937142856885,729.0862857143111,0.17059064507788443
MILHO 2A SAFRA,PR,2009,50,153,601.8679840659219,17.261115458618075,36.33,100.23513818858979,1205.1169139860015,516.6276180966289,85.24036596929295,0.6029315035134895,17.438139715889985,-0.17702425727190985,-0.27055081603770104,107.35853948475696,-7.123401296167174,-0.803299843092549,13.27988232378334,24,21.716537867225618,-8.436655543442278,3023.97,1514100.0,4578600.0,3775.9457142857136,-751.9757142857138,-0.19914897384269287
MILHO 2A SAFRA,BA,2010,6,153,284.9152388830312,23.86182551559316,35.77,116.82620298343936,2192.1069715621848,286.92541012390734,-2.0101712408761614,-0.015962176232122514,23.58800028104237,0.27382523455079166,0.2726448852945981,112.83609988093444,3.990103102504918,0.3068553191338454,69.2521729676438,81,69.05260164010203,0.19957132754177564,1852.11,355000.0,657500.0,1646.3350851330615,205.7749148669384,0.12498969178580499
MILHO 2A SAFRA,GO,2010,33,181,458.9477402645101,21.894118333639423,35.18,126.96425570783671,2247.637891019425,543.0513014755227,-84.10356121101256,-0.9200353126266014,21.700579946411505,0.1935383872279175,0.36721800950202743,112.04341770896173,14.920837998874987,1.5066065381193148,39.81578847532502,67,49.7287022785315,-9.912913803206479,4950.1,434900.0,2152800.0,4567.591686274507,382.5083137254933,0.08374398151107086
MILHO 2A SAFRA,MG,2010,49,153,254.66964034879578,20.76874721053252,34.98,117.1549057975609,1735.6024850327008,293.5412547132784,-38.87161436448264,-0.5431570080338917,20.649671437923917,0.11907577260860336,0.1752064331478034,111.31699015986923,5.837915637691665,0.7774023232168379,46.58583955682855,72,47.04983821678689,-0.4639986599583352,5970.8,27400.0,163600.0,4222.768843900645,1748.031156099355,0.41395378736494326
MILHO 2A SAFRA,MS,2010,19,184,369.19547225599445,20.971079591323306,39.46,150.75475063412762,2143.595958483328,470.74865403218394,-101.55318177618949,-0.8497110663380999,21.33654202042826,-0.3654624291049551,-0.5197789748408402,130.5071737667827,20.247576867344918,1.7468757623716675,42.05453017234163,87,32.90905817671884,9.145471995622792,4050.0,830000.0,3361500.0,3661.054719887965,388.9452801120351,0.10623858692938017
MILHO 2A SAFRA,MT,2010,38,153,359.9490138335284,23.96244687495993,37.18,115.14329307204197,2185.7430833354356,409.02558510127227,-49.07657126774387,-0.5954338101855962,23.92990926373284,0.032537611227091645,0.03927592934769334,101.32398142366911,13.81931164837286,1.8554062284675659,45.414997388687006,73,49.810345129437174,-4.395347740750168,4046.98,1904900.0,7709100.0,4455.480344537762,-408.500344537762,-0.09168491676516244
MILHO 2A SAFRA,PR,2010,50,153,420.7644475849692,16.762263616844,36.17,113.92454942981844,1128.4431737298082,516.6276180966289,-95.86317051165969,-0.6780698894346197,17.438139715889985,-0.6758760990459862,-1.0329591715580417,107.35853948475696,6.566009945061481,0.7404432993898566,20.657853645854235,29,21.716537867225618,-1.058684221371383,4850.0,1356000.0,6576600.0,3904.371350140078,945.628649859922,0.2421974154241234
MILHO 2A SAFRA,BA,2011,6,153,242.81729788437616,23.455467119012372,33.87,113.52110608262754,2130.6836362943664,286.92541012390734,-44.10811223953118,-0.3502494944295202,23.58800028104237,-0.132533162029997,-0.13196186545289476,112.83609988093444,0.6850062016930991,0.052679790779651944,72.00000000000001,72,69.05260164010203,2.9473983598979885,1029.05,364900.0,375500.0,1731.5870103007474,-702.5370103007474,-0.40571857268594813
MILHO 2A SAFRA,GO,2011,33,181,605.0707808156151,21.192112707727084,34.49,115.80150094555586,2113.2335032163905,543.0513014755227,62.0194793400924,0.6784505940294177,21.700579946411505,-0.5084672386844211,-0.9647612029896656,112.04341770896173,3.758083236594132,0.3794661382608818,52.5709627091661,73,49.7287022785315,2.842260430634603,5399.96,539300.0,2912200.0,4692.270229691872,707.6897703081277,0.15082033550198995
MILHO 2A SAFRA,MG,2011,49,153,475.6758043908897,19.992600199544505,33.78,112.71999978014357,1597.431137640998,293.5412547132784,182.1345496776113,2.544984526109178,20.649671437923917,-0.6570712383794124,-0.9668054674637412,111.31699015986923,1.4030096202743323,0.1868308838269043,55.402524876555994,95,47.04983821678689,8.352686659769105,5726.48,57400.0,328700.0,4338.864503522462,1387.6154964775378,0.3198107466483493
MILHO 2A SAFRA,MS,2011,19,184,466.19823380010826,20.813965586265578,39.17,135.70347520145756,2103.993191166158,470.74865403218394,-4.55042023207568,-0.038074064840281086,21.33654202042826,-0.5225764341626835,-0.7432343836007703,130.5071737667827,5.196301434674865,0.44831502997528605,37.567634217218675,53,32.90905817671884,4.658576040499838,3290.03,946800.0,3115000.0,3783.8877254902036,-493.8577254902034,-0.1305159564231584
MILHO 2A SAFRA,MT,2011,38,153,387.0263017957963,23.34145352266523,36.63,105.51222454653504,2090.968293726235,409.02558510127227,-21.999283305475956,-0.26691182251644924,23.92990926373284,-0.5884557410676088,-0.7103209251935546,101.32398142366911,4.188243122865927,0.5623212338088391,49.50965097466272,74,49.810345129437174,-0.3006941547744546,3950.01,1836300.0,7253400.0,4637.066974789894,-687.0569747898935,-0.14816628237745566
MILHO 2A SAFRA,PR,2011,50,153,545.0903188919291,16.98884609667978,35.73,107.9930809695558,1171.5608637875341,516.6276180966289,28.46270079530018,0.20132549631177138,17.438139715889985,-0.4492936192102057,-0.6866672239790375,107.35853948475696,0.6345414847988451,0.07155669798483622,21.913589041538927,36,21.716537867225618,0.19705117431330876,3610.02,1717800.0,6201300.0,4032.7969859944133,-422.7769859944133,-0.10483468110660778
MILHO 2A SAFRA,BA,2012,6,153,136.75773952174188,25.083241199215436,36.45,129.32781292465998,2368.26577908456,286.92541012390734,-150.16767060216546,-1.192437128627072,23.58800028104237,1.4952409181730673,1.488795542499452,112.83609988093444,16.49171304372554,1.268280477744864,64.01811160096725,65,69.05260164010203,-5.034490039134781,1250.28,176200.0,220300.0,1816.8389354684332,-566.5589354684332,-0.31183773333344933
MILHO 2A SAFRA,GO,2012,33,182,519.5286661504,21.728056675619694,35.68,111.0446255249126,2214.511564585733,543.0513014755227,-23.52263532512268,-0.25732150735986925,21.700579946411505,0.027476729208189,0.0521341008984182,112.04341770896173,-0.9987921840491225,-0.10085136202298672,31.18549966623424,61,49.7287022785315,-18.54320261229726,6043.05,694600.0,4197500.0,4816.948773109238,1226.1012268907625,0.25453897989023877
MILHO 2A SAFRA,MG,2012,49,153,261.64057116739946,20.866046690613874,36.24,109.20906340075175,1738.0619057975953,293.5412547132784,-31.900683545878962,-0.4457514850437375,20.649671437923917,0.21637525268995716,0.3183715328043396,111.31699015986923,-2.1079267591174897,-0.28070072632238785,31.871018740846466,72,47.04983821678689,-15.178819475940422,5548.25,94300.0,523200.00000000006,4454.960163144249,1093.2898368557508,0.24540956525279498
MILHO 2A SAFRA,MS,2012,19,184,454.24014912204143,21.477611675626434,37.15,136.91227642535375,2225.61257771073,470.74865403218394,-16.508504910142506,-0.13812919561456688,21.33654202042826,0.14106965519817294,0.20063633063359118,130.5071737667827,6.405102658571053,0.5526053148515502,30.98745545814497,70,32.90905817671884,-1.9216027185738653,5100.04,1199500.0,6117500.0,3906.7207310924423,1193.3192689075577,0.30545292357610315
MILHO 2A SAFRA,MT,2012,38,153,395.966783602498,24.039426917155577,37.01,101.74479747765587,2198.4526242626675,409.02558510127227,-13.058801498774244,-0.15843918456428835,23.92990926373284,0.10951765342273845,0.13219801503360454,101.32398142366911,0.4208160539867549,0.056499538289094244,42.200767971171224,56,49.810345129437174,-7.6095771582659495,5680.01,2645400.0,15025900.0,4818.653605041967,861.356394958033,0.17875457867665737
MILHO 2A SAFRA,PR,2012,50,153,455.0745343276139,17.902677472619274,35.84,109.33028017178123,1301.3357558433377,516.6276180966289,-61.55308376901502,-0.43538402165135415,17.438139715889985,0.464537756729289,0.7099652392292523,107.35853948475696,1.9717406870242655,0.22235150297625683,26.801840053220413,41,21.716537867225618,5.085302185994795,5026.02,2025100.0,10178200.0,4161.2226218487485,864.7973781512519,0.20782290608788423
MILHO 2A SAFRA,BA,2013,6,153,297.77268305466663,24.781382938395826,37.56,115.20853974632178,2312.1358286868726,286.92541012390734,10.847272930759289,0.08613499120763646,23.58800028104237,1.1933826573534567,1.1882384699148072,112.83609988093444,2.372439865387335,0.1824503711601499,59.43351277631492,63,69.05260164010203,-9.619088863787105,2070.84,241400.0,499900.0,1902.090860636119,168.7491393638811,0.08871770684363947
MILHO 2A SAFRA,GO,2013,33,181,441.20728211515274,22.00591754141515,35.67,120.72520724123405,2267.031697594968,543.0513014755227,-101.84401936036994,-1.1141037649556564,21.700579946411505,0.3053375950036461,0.5793448290510569,112.04341770896173,8.681789532272319,0.8766291057434926,48.043756099218896,59,49.7287022785315,-1.684946179312604,5743.98,838600.0,4816900.0,4941.627316526603,802.3526834733966,0.16236608551803103
MILHO 2A SAFRA,MG,2013,49,153,350.48379597512735,20.80954288142185,36.05,106.78237675381745,1729.1379403591125,293.5412547132784,56.94254126184893,0.7956639014687327,20.649671437923917,0.15987144349793425,0.23523261503020354,111.31699015986923,-4.53461340605179,-0.6038489103876062,45.73584542975246,58,47.04983821678689,-1.3139927870344295,5200.34,118800.0,617800.0,4571.055822766066,629.2841772339343,0.13766713897909433
MILHO 2A SAFRA,MS,2013,19,184,543.0782272258213,20.93536445337261,37.97,132.9326201431636,2125.406691786381,470.74865403218394,72.32957319363732,0.6051926457764139,21.33654202042826,-0.401177567055651,-0.5705748332161499,130.5071737667827,2.425446376380904,0.2092573109163154,33.563248622309594,45,32.90905817671884,0.654190445590757,5100.0,1461000.0,7451100.0,4029.553736694681,1070.446263305319,0.26564883688171714
MILHO 2A SAFRA,MT,2013,38,153,447.5646453670715,24.24200498732596,36.98,101.31959655027127,2234.4944154260206,409.02558510127227,38.53906026579921,0.4675848149587339,23.92990926373284,0.31209572359312077,0.3767286265733743,101.32398142366911,-0.004384873397839328,-0.0005887211765971542,37.21967445292907,62,49.810345129437174,-12.590670676508104,5780.0,3349100.0,19357800.0,5000.240235294099,779.759764705901,0.15594446026852507
MILHO 2A SAFRA,PR,2013,50,153,611.3729733433846,16.787275018590726,33.64,105.15381656700637,1130.480155464623,516.6276180966289,94.74535524675571,0.6701632359300854,17.438139715889985,-0.6508646972992587,-0.994733590176672,107.35853948475696,-2.204722917750587,-0.24862470893567776,23.529734683947673,41,21.716537867225618,1.813196816722055,4833.99,2169200.0,10485900.0,4289.648257703084,544.341742296916,0.12689659142085155
MILHO 2A SAFRA,BA,2014,6,153,268.2074680789846,24.41552343398376,34.69,108.53165617065548,2267.456721398353,286.92541012390734,-18.717942044922722,-0.14863365048118243,23.58800028104237,0.8275231529413922,0.8239560370776564,112.83609988093444,-4.30444371027896,-0.3310294031204663,60.67650147554169,66,69.05260164010203,-8.376100164560334,2629.85,268000.0,704800.0,1987.3427858038049,642.507214196195,0.3232996435168708
MILHO 2A SAFRA,GO,2014,33,181,513.7835756827603,22.2005383689936,37.16,111.79204638827846,2299.9759680502916,543.0513014755227,-29.26772579276235,-0.3201688592240952,21.700579946411505,0.4999584225820932,0.9486166512184656,112.04341770896173,-0.25137132068326196,-0.025381796603223244,53.231291473482436,88,49.7287022785315,3.502589194950936,6130.0,952300.0,5837600.0,5066.305859943968,1063.6941400560318,0.20995458416081414
MILHO 2A SAFRA,MG,2014,49,153,260.5403954669633,21.682383426361493,34.74,111.24546766257829,1869.5994459566116,293.5412547132784,-33.000859246315144,-0.4611243516336703,20.649671437923917,1.0327119884375762,1.5195180346035426,111.31699015986923,-0.07152249729094251,-0.009524247866355577,46.94236888335983,76,47.04983821678689,-0.10746933342705489,5264.91,228000.0,1200400.0,4687.151482387853,577.7585176121465,0.12326431517801285
MILHO 2A SAFRA,MS,2014,19,184,511.3010771369362,21.444652168176447,38.36,125.84542283852461,2218.92679374869,470.74865403218394,40.55242310475228,0.33930835131166676,21.33654202042826,0.10811014774818517,0.15375966800216723,130.5071737667827,-4.661750928258087,-0.4021962608237545,22.83284964672476,50,32.90905817671884,-10.076208529994076,5140.03,1547500.0,7954200.0,4152.38674229692,987.64325770308,0.23784953545939672
MILHO 2A SAFRA,MT,2014,38,153,392.69516369133856,24.265088356335358,37.17,99.43105028243531,2238.9019645163653,409.02558510127227,-16.330421409933706,-0.19813293371707616,23.92990926373284,0.33517909260251955,0.40459240440243033,101.32398142366911,-1.8929311412338024,-0.25414842062114934,51.43940128510091,65,49.810345129437174,1.6290561556637329,5457.0,3230200.0,17627200.0,5181.8268655461725,275.1731344538275,0.053103498359516076
MILHO 2A SAFRA,PR,2014,50,153,632.7048457830392,17.55899023837761,35.15,104.20643023642569,1235.4066692865097,516.6276180966289,116.07722768641031,0.8210501751934881,17.438139715889985,0.12085052248762551,0.1846990236337393,107.35853948475696,-3.1521092483312714,-0.35546065135450133,16.117144802597462,31,21.716537867225618,-5.599393064628156,5390.01,1901000.0,10246400.0,4418.073893557419,971.9361064425811,0.21999091229775275
MILHO 2A SAFRA,BA,2015,6,153,345.51703550019755,24.048142102318074,34.5,104.04700830143618,2209.7439801428072,286.92541012390734,58.59162537629021,0.4652587953527801,23.58800028104237,0.46014182127570535,0.45815833696543967,112.83609988093444,-8.789091579498262,-0.6759172463063461,86.35814950213607,91,69.05260164010203,17.305547862034047,1811.88,252500.0,457500.0,2072.5947109714907,-260.7147109714906,-0.12579145821002571
MILHO 2A SAFRA,GO,2015,33,181,652.2025850601134,21.95638804474176,36.57,98.47079853235181,2253.430645953281,543.0513014755227,109.15128358459071,1.1940402269576464,21.700579946411505,0.255808098330256,0.4853680038818947,112.04341770896173,-13.57261917660992,-1.3704724086157825,38.34420238177439,84,49.7287022785315,-11.384499896757113,6577.99,1112300.0,7316700.0,5190.9844033613335,1387.0055966386662,0.26719509997767177
MILHO 2A SAFRA,MG,2015,49,153,319.634595522956,21.32931526756036,34.87,99.26548791223172,1813.1931754486943,293.5412547132784,26.093340809677557,0.36460489628501025,20.649671437923917,0.6796438296364435,1.000018463813949,111.31699015986923,-12.051502247637515,-1.6048306325424795,39.086431253072206,81,47.04983821678689,-7.963406963714682,5505.09,255200.0,1404900.0,4803.24714200967,701.8428579903302,0.146118414739051
MILHO 2A SAFRA,MS,2015,19,184,414.85998170307187,22.594298434078873,39.53,128.981245962609,2439.8679841555095,470.74865403218394,-55.88867232911207,-0.46762910359274396,21.33654202042826,1.2577564136506112,1.7888441799281596,130.5071737667827,-1.5259278041737048,-0.13165063225610604,34.851354609233745,47,32.90905817671884,1.9422964325149081,5640.0,1615000.0,9108600.0,4275.2197478991875,1364.7802521008125,0.3192304331891842
MILHO 2A SAFRA,MT,2015,38,153,343.78719470702964,25.01584183322408,37.42,98.37641302552902,2366.6649495048287,409.02558510127227,-65.23839039424263,-0.7915211344104369,23.92990926373284,1.0859325694912414,1.3108218233360895,101.32398142366911,-2.947568398140092,-0.39574596071774865,52.30194271732629,81,49.810345129437174,2.4915975878891174,6056.01,3352900.0,20305200.0,5363.413495798304,692.596504201696,0.12913352750897833
MILHO 2A SAFRA,PR,2015,50,153,490.83905840648055,18.423775488652314,34.5,107.24167812806445,1378.9667139638645,516.6276180966289,-25.78855969014836,-0.18241046821678134,17.438139715889985,0.985635772762329,1.5063730064247667,107.35853948475696,-0.1168613566925103,-0.013178354776276083,23.348740033863443,32,21.716537867225618,1.6322021666378248,5839.99,1914300.0,11179500.0,4546.499529411783,1293.4904705882163,0.28450249740937844
MILHO 2A SAFRA,BA,2016,6,153,78.836458976257,25.607441041543346,36.55,140.1864768741702,2446.5287112080905,286.92541012390734,-208.08895114765033,-1.6523729136272896,23.58800028104237,2.019440760500977,2.0107357724326036,112.83609988093444,27.35037699323577,2.1033563406974647,69.08908771899614,112,69.05260164010203,0.03648607889411437,1988.18,245400.0,487900.0,2157.8466361391766,-169.6666361391765,-0.07862775477072104
MILHO 2A SAFRA,GO,2016,33,182,370.8089331184916,22.755061536758465,36.97,130.71102150050723,2412.485939398675,543.0513014755227,-172.24236835703107,-1.8842134499074852,21.700579946411505,1.0544815903469598,2.000763963211772,112.04341770896173,18.667603791545503,1.8849299165022726,61.19593955564055,95,49.7287022785315,11.46723727710905,3536.99,1274700.0,4508600.0,5315.662946778699,-1778.672946778699,-0.3346098058863153
MILHO 2A SAFRA,MG,2016,49,153,217.41355839905103,21.863087308395556,37.48,123.29958736238213,1898.3306522665284,293.5412547132784,-76.12769631422739,-1.0637400178658314,20.649671437923917,1.2134158704716391,1.7854032095099122,111.31699015986923,11.982597202512892,1.595654936029259,57.7043712976123,92,47.04983821678689,10.65453308082541,2604.9,367000.0,956000.0,4919.342801631457,-2314.4428016314573,-0.47047804858484193
MILHO 2A SAFRA,MS,2016,19,184,486.09201178288845,20.9136989946026,37.48,130.625481219466,2127.9884199000976,470.74865403218394,15.343357750704513,0.1283802304125825,21.33654202042826,-0.42284302582566013,-0.6013885340294222,130.5071737667827,0.11830745268329679,0.01020706936708544,31.883212150284983,70,32.90905817671884,-1.0258460264338538,4110.03,1665000.0,6843200.0,4398.052753501426,-288.02275350142645,-0.0654886991230659
MILHO 2A SAFRA,MT,2016,38,153,273.3878910832698,26.00660460387333,38.32,117.3753239225939,2516.5653516178445,409.02558510127227,-135.6376940180025,-1.6456583430271101,23.92990926373284,2.0766953401404926,2.506764829377812,101.32398142366911,16.051342498924797,2.155082800472036,53.46920232561172,71,49.810345129437174,3.6588571961745444,4397.99,3560100.0,15657300.0,5545.000126050378,-1147.010126050378,-0.20685484219589664
MILHO 2A SAFRA,PR,2016,50,153,558.9326010353672,16.693341216359155,34.36,102.84407461948669,1116.9807740401473,516.6276180966289,42.30498293873825,0.29923624422910894,17.438139715889985,-0.7447984995308303,-1.138295084171475,107.35853948475696,-4.51446486527027,-0.5090923236164857,18.15191208899615,38,21.716537867225618,-3.5646257782294697,5213.0,2191500.0,11424300.0,4674.925165266119,538.0748347338813,0.11509806375761558
MILHO 2A SAFRA,BA,2017,6,153,206.73424039761636,24.518072496637878,36.0,124.76343837653775,2281.591092273514,286.92541012390734,-80.19116972629098,-0.6367743988184744,23.58800028104237,0.9300722155955086,0.9260630524163539,112.83609988093444,11.927338495603308,0.9172613254499835,72.90182291817878,74,69.05260164010203,3.8492212780767545,1918.14,265100.0,508500.0,2243.0985613068624,-324.9585613068623,-0.14487038907355754
MILHO 2A SAFRA,GO,2017,33,181,476.96037273448815,22.16748964240475,37.26,116.3698594371877,2297.4126187650477,543.0513014755227,-66.09092874103453,-0.7229894597861354,21.700579946411505,0.4669096959932446,0.88591029219398,112.04341770896173,4.326441728225973,0.43685518166130793,65.09176238019353,72,49.7287022785315,15.363060101662029,6000.0,1260700.0,7564200.0,5440.341490196064,559.6585098039359,0.10287194486090365
MILHO 2A SAFRA,MG,2017,49,153,216.04584092992278,21.616924854052805,37.6,119.33628406018525,1862.2951504836733,293.5412547132784,-77.49541378335564,-1.0828512727111195,20.649671437923917,0.9672534161288873,1.4232032031151065,111.31699015986923,8.019293900316015,1.0678841722915546,55.459890097994794,72,47.04983821678689,8.410051881207906,4821.87,357600.0,1724300.0,5035.438461253274,-213.5684612532741,-0.04241308138241429
MILHO 2A SAFRA,MS,2017,19,184,464.02131501692145,21.62681766834141,38.6,126.91681136155478,2255.2515573280903,470.74865403218394,-6.727339015262487,-0.05628867858492694,21.33654202042826,0.2902756479131483,0.41284456808069536,130.5071737667827,-3.5903624052279213,-0.3097613657631488,48.47651306772576,82,32.90905817671884,15.567454891006925,5460.03,1759900.0,9609100.0,4520.885759103665,939.1442408963348,0.20773456595429093
MILHO 2A SAFRA,MT,2017,38,153,338.27885772840403,24.54405169438409,37.22,101.74445185019303,2287.1609583745585,409.02558510127227,-70.74672737286824,-0.8583524143928056,23.92990926373284,0.6141424306512526,0.741327153592501,101.32398142366911,0.4204704265239201,0.056453133709503715,61.12851373056005,71,49.810345129437174,11.318168601122878,6212.0,4605700.0,28610600.0,5726.586756302451,485.41324369754875,0.0847648458592411
MILHO 2A SAFRA,PR,2017,50,153,575.8523974645501,17.58212753304517,34.02,108.59351761826018,1245.7736411213577,516.6276180966289,59.2247793679212,0.4189152036538542,17.438139715889985,0.14398781715518538,0.220060358004983,107.35853948475696,1.234978133503219,0.1392674229092853,30.64429475659373,53,21.716537867225618,8.927756889368112,5455.98,2409300.0,13145100.0,4803.350801120454,652.6291988795456,0.1358695681205108
MILHO 2A SAFRA,BA,2018,6,153,222.73329388377508,24.08220321677775,34.59,119.99339099682305,2222.457782765355,286.92541012390734,-64.19211624013226,-0.5097306395107307,23.58800028104237,0.4942029357353803,0.49207262780900946,112.83609988093444,7.157291115888611,0.5504250875424914,91.29748000124938,108,69.05260164010203,22.244878361147357,874.84,230900.0,202000.0,2328.3504864745482,-1453.510486474548,-0.624266189698686
MILHO 2A SAFRA,GO,2018,33,181,381.08642368400444,22.158004595805057,35.98,128.11770645285364,2291.097423736997,543.0513014755227,-161.96487779151823,-1.7717847476111022,21.700579946411505,0.4574246493935519,0.8679134493853679,112.04341770896173,16.074288743891913,1.623074288387237,68.07522996650472,73,49.7287022785315,18.34652768797322,5200.02,1230400.0,6398100.0,5565.020033613429,-365.00003361342897,-0.06558826947769861
MILHO 2A SAFRA,MG,2018,49,153,206.4836672323656,21.415515280894027,34.36,121.98547627933763,1818.2156115829991,293.5412547132784,-87.05758748091282,-1.2164644951300763,20.649671437923917,0.76584384297011,1.126851962708195,111.31699015986923,10.668486119468398,1.42066216937672,59.99250971923523,73,47.04983821678689,12.942671502448341,4981.14,339400.0,1690600.0,5151.5341208750615,-170.39412087506116,-0.03307638402016782
MILHO 2A SAFRA,MS,2018,19,184,302.3764181061708,22.05654301074568,38.0,143.00899087777927,2340.946558388761,470.74865403218394,-168.37223592601316,-1.4087963530844971,21.33654202042826,0.7200009903174198,1.024021477524033,130.5071737667827,12.50181711099657,1.078604192486124,54.8665644020244,104,32.90905817671884,21.957506225305565,3685.0,1720000.0,6338200.0,4643.718764705904,-958.7187647059036,-0.2064549584683174
MILHO 2A SAFRA,MT,2018,38,153,431.7185198554685,23.80541185080863,37.23,105.69060792473344,2163.1718961937486,409.02558510127227,22.692934754196244,0.27532772269820754,23.92990926373284,-0.12449741292421024,-0.15027998090746603,101.32398142366911,4.3666265010643315,0.5862713146367344,62.179683093107805,73,49.810345129437174,12.369337963670631,5859.99,4471200.0,26201200.0,5908.173386554583,-48.183386554583194,-0.008155377881129158
MILHO 2A SAFRA,PR,2018,50,153,267.7525114762703,17.799148142739465,33.6,122.12249168357188,1287.0447317781868,516.6276180966289,-248.87510662035862,-1.7603706942758623,17.438139715889985,0.3610084268494802,0.5517386486225466,107.35853948475696,14.76395219881492,1.6649182029257934,29.299596169172784,48,21.716537867225618,7.583058301947165,4269.98,2100900.0,8970800.0,4931.776436974789,-661.7964369747897,-0.13419027513354673
MILHO 2A SAFRA,BA,2019,6,153,377.9393425908166,24.313806779385164,35.5,110.22417669398973,2252.534112838319,286.92541012390734,91.01393246690924,0.722714761843915,23.58800028104237,0.725806498342795,0.7226778416217854,112.83609988093444,-2.6119231869447077,-0.2008676223378418,67.92952431375149,75,69.05260164010203,-1.1230773263505398,1177.49,231000.0,272000.0,2413.602411642234,-1236.112411642234,-0.5121441732406844
MILHO 2A SAFRA,GO,2019,33,181,541.9488463166408,22.41012349828272,37.72,113.07352373712638,2331.1476979444615,543.0513014755227,-1.1024551588818667,-0.012060103783404063,21.700579946411505,0.7095435518712137,1.3462816059653555,112.04341770896173,1.0301060281646528,0.10401322480051062,72.02663384064866,76,49.7287022785315,22.297931562117157,6720.25,1412000.0,9489000.0,5689.698577030795,1030.5514229692053,0.18112583804167093
MILHO 2A SAFRA,MG,2019,49,153,310.1884666224285,21.372324242706892,34.51,108.17455096336457,1806.6801546838906,293.5412547132784,16.647211909150087,0.23261317957871946,20.649671437923917,0.7226528047829746,1.0633012707501248,111.31699015986923,-3.142439196504668,-0.41846091713931144,52.79248677213815,76,47.04983821678689,5.742648555351259,6990.48,420000.0,2936000.0,5267.629780496878,1722.8502195031215,0.3270636493631127
MILHO 2A SAFRA,MS,2019,19,184,379.0229055637478,22.33244003733372,38.72,138.07014649955826,2395.7212492008134,470.74865403218394,-91.72574846843611,-0.7674834227601656,21.33654202042826,0.995898016905457,1.4164160500462393,130.5071737667827,7.562972732775563,0.6525014743700485,39.8180092516752,62,32.90905817671884,6.908951074956363,5039.78,1860000.0,9374000.0,4766.551770308142,273.22822969185745,0.05732198932441137
MILHO 2A SAFRA,MT,2019,38,153,315.5496182180369,25.331874907460715,37.5,105.09614043852868,2405.6198755248392,409.02558510127227,-93.47596688323534,-1.1341206136511368,23.92990926373284,1.401965643727877,1.6923031991083053,101.32398142366911,3.772159014859568,0.5064570153003675,65.16244818936548,85,49.810345129437174,15.352103059928304,6376.05,4869000.0,31045000.0,6089.7600168066565,286.2899831933437,0.04701170200520779
MILHO 2A SAFRA,PR,2019,50,153,397.5070389762593,18.596701191388018,37.81,115.92046514919768,1419.4434695586224,516.6276180966289,-119.1205791203696,-0.8425767422715557,17.438139715889985,1.1585614754980327,1.7706598940526883,107.35853948475696,8.561925664440722,0.9655209999913908,27.743745824156804,46,21.716537867225618,6.027207956931186,6004.0,2248000.0,13497000.0,5060.202072829154,943.7979271708464,0.1865138809848299
MILHO 2A SAFRA,GO,2020,33,182,463.0799140619406,22.288740052410972,35.15,116.8358568544785,2339.2562915495764,543.0513014755227,-79.97138741358208,-0.874832163594565,21.700579946411505,0.5881601059994672,1.1159697385474066,112.04341770896173,4.7924391455167665,0.4839084876277664,57.50578418986344,85,49.7287022785315,7.7770819113319405,6363.53,1634000.0,10398000.0,5814.37712044816,549.1528795518398,0.09444741339885986
MILHO 2A SAFRA,MG,2020,49,153,223.23713233109498,20.91113701415825,34.05,118.31322740465644,1746.6210632394234,293.5412547132784,-70.30412238218344,-0.9823666289621967,20.649671437923917,0.26146557623433253,0.3847168067809171,111.31699015986923,6.99623724478721,0.931649483380391,54.900821442875554,68,47.04983821678689,7.850983226088665,6323.73,451000.0,2852000.0,5383.725440118666,940.004559881334,0.1746011326797183
MILHO 2A SAFRA,MS,2020,19,184,314.7136117540268,22.60769427729587,40.24,152.2285906320623,2444.326326319717,470.74865403218394,-156.03504227815716,-1.3055691593443475,21.33654202042826,1.2711522568676088,1.8078964192281397,130.5071737667827,21.721416865279593,1.8740324778084816,35.51014889749417,64,32.90905817671884,2.601090720775332,4700.0,1840000.0,8648000.0,4889.384775910381,-189.384775910381,-0.03873386624089498
MILHO 2A SAFRA,MT,2020,38,153,351.22233029731547,25.249882831436295,37.82,103.14030097405521,2401.3459529251713,409.02558510127227,-57.803254803956804,-0.7013124869966311,23.92990926373284,1.3199735677034568,1.5933311214554595,101.32398142366911,1.8163195503860976,0.2438624073631462,56.274952413697584,85,49.810345129437174,6.46460728426041,6392.5,5414000.0,34609000.0,6271.346647058788,121.15335294121178,0.019318554651740028
MILHO 2A SAFRA,PR,2020,50,153,511.83209351614505,17.975777685793794,36.85,117.75369721316079,1322.036314968404,516.6276180966289,-4.795524580483857,-0.03392023031070301,17.438139715889985,0.537637969903809,0.8216862125674895,107.35853948475696,10.39515772840383,1.1722530045642854,20.37000028095854,29,21.716537867225618,-1.346537586267079,5012.3,2277000.0,11413000.0,5188.627708683489,-176.3277086834887,-0.03398349594217242
MILHO 2A SAFRA,GO,2021,33,181,386.14043164442984,22.539098782969013,38.04,125.62304525763095,2376.8274131282,543.0513014755227,-156.91086983109284,-1.716497364687792,21.700579946411505,0.8385188365575083,1.5909981606284016,112.04341770896173,13.579627548669222,1.3711800672048589,45.65072465005477,95,49.7287022785315,-4.077977628476731,4098.97,1657000.0,6792000.0,5939.055663865525,-1840.085663865525,-0.30982798747972623
MILHO 2A SAFRA,MG,2021,49,153,152.85469850082774,21.614546626982666,37.87,122.08475177164297,1861.3497970882095,293.5412547132784,-140.68655621245068,-1.9658275117271085,20.649671437923917,0.9648751890587484,1.4197039129316684,111.31699015986923,10.767761611773736,1.4338821271743942,52.382550211818575,95,47.04983821678689,5.332711995031687,4002.03,492000.0,1969000.0,5499.821099740482,-1497.791099740482,-0.2723345128100908
MILHO 2A SAFRA,MS,2021,19,184,163.0261638010619,22.933006322263513,39.25,158.1169260096981,2505.5528225136836,470.74865403218394,-307.72249023112204,-2.574761329357074,21.33654202042826,1.5964643018352511,2.2705715063794334,130.5071737667827,27.60975224291539,2.3820532853993917,50.147023433098475,79,32.90905817671884,17.23796525637964,2980.13,2114000.0,6300000.0,5012.21778151262,-2032.0877815126196,-0.4054268729120072
MILHO 2A SAFRA,MT,2021,38,153,376.52693161888084,24.46549300020534,38.39,104.31569235583243,2278.088416295678,409.02558510127227,-32.49865348239143,-0.3942980646172454,23.92990926373284,0.5355837364724998,0.6464994878281899,101.32398142366911,2.991710932163315,0.40167261861873554,49.001533725040225,92,49.810345129437174,-0.8088114043969483,5625.17,5832000.0,32806000.0,6452.933277310862,-827.7632773108617,-0.1282770550598063
MILHO 2A SAFRA,PR,2021,50,153,225.5851934940044,17.62835497636809,37.8,126.2538973213575,1296.1037041579316,516.6276180966289,-291.0424246026245,-2.05863319163935,17.438139715889985,0.1902152604781051,0.29071097226030457,107.35853948475696,18.89535783660054,2.1308132666182678,22.35672393039804,41,21.716537867225618,0.6401860631724219,2590.82,2505000.0,6490000.0,5317.053344537824,-2726.233344537824,-0.5127338711654015
MILHO 2A SAFRA,BA,2022,6,153,151.3174518249004,22.973955334852615,34.68,122.76595535192453,2057.2219618556355,286.92541012390734,-135.60795829900695,-1.0768227526245968,23.58800028104237,-0.6140449461897539,-0.6113980480808434,112.83609988093444,9.929855470990091,0.7636466755936088,39.185930916737966,52,69.05260164010203,-29.86667072336406,3000.0,60000.0,180000.0,2669.3581871452916,330.6418128547084,0.12386565971062458
MILHO 2A SAFRA,GO,2022,33,181,391.25268995971544,22.05787799877545,35.17,123.01284505261108,2272.771832359227,543.0513014755227,-151.79861151580724,-1.660572762808795,21.700579946411505,0.3572980523639444,0.677934137342613,112.04341770896173,10.969427343649357,1.1076194887051918,53.84729403620341,99,49.7287022785315,4.118591757671908,4547.01,1740000.0,7911800.0,6063.73420728292,-1516.7242072829195,-0.2501303908507797
MILHO 2A SAFRA,MG,2022,49,153,136.1424242628136,21.032571933805126,36.27,126.46712917427229,1768.8150351922447,293.5412547132784,-157.39883045046483,-2.199349813822587,20.649671437923917,0.3829004958812092,0.5633944560190473,111.31699015986923,15.150139014403052,2.0174586269821395,62.88751165592185,76,47.04983821678689,15.83767343913496,3893.06,554500.0,2158700.0,5615.91675936227,-1722.8567593622697,-0.3067810356145509
MILHO 2A SAFRA,MS,2022,19,184,625.9040416507095,21.07634761321052,39.2,122.83498907674795,2138.23016429707,470.74865403218394,155.15538761852554,1.2982089537282187,21.33654202042826,-0.26019440721774245,-0.37006152061698927,130.5071737667827,-7.672184690034754,-0.6619238226513847,26.22397597577763,50,32.90905817671884,-6.685082200941206,5540.01,2160700.0,11970300.0,5135.050787114858,404.9592128851418,0.07886177365592702
MILHO 2A SAFRA,MT,2022,38,153,292.13231962211296,23.866038493409725,37.2,111.44028411481379,2173.8854967787292,409.02558510127227,-116.89326547915931,-1.4182368623424815,23.92990926373284,-0.06387077032311339,-0.0770979727148697,101.32398142366911,10.116302691144682,1.3582334272360863,55.858231645406235,98,49.810345129437174,6.047886515969061,6338.0,6485300.0,41103800.0,6634.5199075629935,-296.51990756299347,-0.04469349880538859
MILHO 2A SAFRA,PR,2022,50,153,524.9492478430523,17.284696272647192,34.25,105.76192934265633,1199.595665919659,516.6276180966289,8.321629746423355,0.0588614640216476,17.438139715889985,-0.1534434432427929,-0.23451163939191824,107.35853948475696,-1.59661014210063,-0.1800483537716038,20.85288934106436,44,21.716537867225618,-0.8636485261612599,5129.0,2717800.0,13939600.0,5445.478980392159,-316.47898039215943,-0.05811774896785443
MILHO 2A SAFRA,BA,2023,6,153,173.22088451536177,24.42790434327429,35.75,121.85500645518205,2270.5018681759084,286.92541012390734,-113.70452560854557,-0.902894061583734,23.58800028104237,0.8399040622319198,0.8362835773019763,112.83609988093444,9.018906574247609,0.6935909634369342,63.56333847038215,78,69.05260164010203,-5.489263169719877,3180.0,40000.0,127200.0,2754.6101123129774,425.38988768702256,0.15442834751297463
MILHO 2A SAFRA,GO,2023,33,181,345.21150619784476,22.38512629385248,35.51,115.03861461026558,2344.343961126453,543.0513014755227,-197.83979527767792,-2.1642317552000105,21.700579946411505,0.6845463474409748,1.298852133262467,112.04341770896173,2.9951969013038564,0.3024349728077837,45.701677670557,91,49.7287022785315,-4.027024607974504,6381.98,1736500.0,11082300.0,6188.412750700285,193.5672492997146,0.03127898171915091
MILHO 2A SAFRA,MG,2023,49,153,196.8583999062483,21.254460874274873,38.08,115.52144625743468,1802.0205650822668,293.5412547132784,-96.68285480703011,-1.3509593312168724,20.649671437923917,0.6047894363509556,0.8898787522195382,111.31699015986923,4.204456097565441,0.5598837223696115,40.49507509778738,91,47.04983821678689,-6.55476311899951,5515.37,507400.0,2798500.0,5732.012418984086,-216.64241898408636,-0.03779517613510038
MILHO 2A SAFRA,MS,2023,19,184,461.10927440352884,21.446380607909035,38.37,126.14343142323646,2220.2550593975657,470.74865403218394,-9.639379628655092,-0.08065416956756241,21.33654202042826,0.10983858748077324,0.15621794157759075,130.5071737667827,-4.363742343546235,-0.3764853336830649,25.282058395819117,64,32.90905817671884,-7.62699978089972,5650.01,2245800.0,12688800.0,5257.883792717097,392.1262072829031,0.07457871317469067
MILHO 2A SAFRA,MT,2023,38,153,346.1623056574253,24.419843897001172,37.98,104.26246442842246,2264.8258873236387,409.02558510127227,-62.86327944384698,-0.7627045050845588,23.92990926373284,0.48993463326833364,0.591396765636354,101.32398142366911,2.9384830047533512,0.3945261390720141,54.46303972980323,91,49.810345129437174,4.652694600366054,6886.0,7367300.0,50731200.0,6816.106537815067,69.89346218493301,0.0102541622254833
MILHO 2A SAFRA,PR,2023,50,153,398.5852891624175,18.146683687550148,35.69,113.56549341802013,1340.609415943758,516.6276180966289,-118.04232893421141,-0.8349499448204718,17.438139715889985,0.7085439716601627,1.0828863382084597,107.35853948475696,6.206953933263165,0.6999528614730406,19.02562262867393,38,21.716537867225618,-2.690915238551689,5942.0,2470500.0,14679700.0,5573.904616246495,368.0953837535053,0.06603905324834626
MILHO 2A SAFRA,BA,2024,6,153,151.02513578957945,25.540210342195035,38.04,128.49990471899036,2447.5768183061728,286.92541012390734,-135.9002743343279,-1.0791439479418845,23.58800028104237,1.952210061152666,1.943794877294994,112.83609988093444,15.663804838055924,1.2046109358463621,82.92703341738019,110,69.05260164010203,13.874431777278161,3460.0,30000.0,103800.0,2839.8620374806633,620.1379625193367,0.21836904551514125
MILHO 2A SAFRA,GO,2024,33,182,355.81668515432233,24.267841725767102,39.25,123.04504210177923,2698.0316732434662,543.0513014755227,-187.23461632120035,-2.0482183665136073,21.700579946411505,2.567261779355597,4.8710995993543476,112.04341770896173,11.001624392817504,1.1108705316284202,99.56605735659163,110,49.7287022785315,49.83735507806013,6229.03,1592400.0,9919100.0,6313.09129411765,-84.0612941176505,-0.013315393394671214
MILHO 2A SAFRA,MG,2024,49,153,199.5767767154669,23.44248082556402,39.27,119.47198665720097,2136.7931090461625,293.5412547132784,-93.96447799781151,-1.3129751764925708,20.649671437923917,2.7928093876401014,4.109300830476152,111.31699015986923,8.154996497331737,1.0859549223218332,89.16701832493452,118,47.04983821678689,42.11718010814763,4849.09,459200.0,2226700.0,5848.108078605874,-999.0180786058736,-0.1708275676813464
MILHO 2A SAFRA,MS,2024,19,184,265.8907224887349,23.91056109678535,41.27,144.49387179062177,2668.8847403231416,470.74865403218394,-204.857931543449,-1.7140777710267134,21.33654202042826,2.5740190763570894,3.6608988781865306,130.5071737667827,13.986698023839068,1.2067134716184975,44.965355296049395,136,32.90905817671884,12.056297119330559,3745.98,2122300.0,7950100.0,5380.716798319336,-1634.7367983193358,-0.30381394516618027
MILHO 2A SAFRA,MT,2024,38,153,442.8637293924036,25.564460303238768,41.21,87.7741349699618,2456.693997184607,409.02558510127227,33.83814429113136,0.41054977282247646,23.92990926373284,1.6345510395059293,1.9730554494234127,101.32398142366911,-13.549846453707303,-1.8192273352448656,53.54734896918425,104,49.810345129437174,3.737003839747075,6901.99,6984200.0,48204900.0,6997.693168067199,-95.70316806719893,-0.013676388170879558
MILHO 2A SAFRA,PR,2024,50,153,384.59116554302307,19.488821012131556,38.42,117.56658467427654,1558.4163176516133,516.6276180966289,-132.03645255360584,-0.9339347145155555,17.438139715889985,2.050681296241571,3.1341100179237706,107.35853948475696,10.20804518951958,1.1511524843384713,24.45197559448667,36,21.716537867225618,2.7354377272610506,4964.02,2512500.0,12472100.0,5702.330252100859,-738.3102521008586,-0.12947518285684165
MILHO 2A SAFRA,BA,2025,6,153,199.70994758067826,25.380185976749434,39.1,120.51926786242373,2412.7644077662053,286.92541012390734,-87.21546254322908,-0.6925522338456673,23.58800028104237,1.7921856957070652,1.7844603118272382,112.83609988093444,7.683167981489291,0.5908671787049224,51.0,51,69.05260164010203,-18.052601640102026,3900.0,50000.0,195000.0,2925.113962648349,974.8860373516509,0.3332813865716895
MILHO 2A SAFRA,GO,2025,33,181,281.5020701058625,23.72214790857734,39.34,125.47689481581118,2582.014896382296,543.0513014755227,-261.54923136966016,-2.8611693177496957,21.700579946411505,2.021567962165836,3.8357050183816193,112.04341770896173,13.433477106849452,1.356422771990522,41.45731770554629,63,49.7287022785315,-8.271384572985212,6986.98,1820100.0,12717000.0,6437.7698375350155,549.210162464984,0.0853106240709086
MILHO 2A SAFRA,MG,2025,49,153,184.26326413413096,22.705921267365316,40.21,119.39012593068361,2024.4773778446117,293.5412547132784,-109.27799057914746,-1.5269524401630938,20.649671437923917,2.0562498294413984,3.0255373564645405,111.31699015986923,8.073135770814375,1.0750539907352339,40.57323052029803,51,47.04983821678689,-6.4766076964888555,5904.02,464700.0,2743600.0,5964.20373822769,-60.1837382276899,-0.010090825342189596
MILHO 2A SAFRA,MS,2025,19,184,369.0830743358744,22.04351531443876,39.03,132.38058058145893,2333.788084452656,470.74865403218394,-101.66557969630952,-0.8506515169954694,21.33654202042826,0.7069732940104991,1.0054928352022134,130.5071737667827,1.8734068146762297,0.16162965964079612,33.88947873843607,42,32.90905817671884,0.9804205617172315,5977.02,2071400.0,12380800.0,5503.5498039215745,473.47019607842594,0.08602996483125365
MILHO 2A SAFRA,MT,2025,38,153,286.0105468719222,25.45851098976764,38.19,103.17891699074212,2436.5008349709615,409.02558510127227,-123.01503822935007,-1.4925108056840006,23.92990926373284,1.5286017260348004,1.845164753290689,101.32398142366911,1.8549355670730137,0.24904706487016087,37.03884681480818,38,49.810345129437174,-12.771498314628992,7553.0,7214700.0,54492600.0,7179.279798319272,373.72020168072777,0.052055388866195006
MILHO 2A SAFRA,PR,2025,50,153,406.7569986227862,17.581783660646074,35.45,108.84914528978918,1259.3402046838337,516.6276180966289,-109.87061947384268,-0.7771489134054914,17.438139715889985,0.14364394475608933,0.21953480879708331,107.35853948475696,1.4906058050322173,0.16809433576899552,24.160939246241774,31,21.716537867225618,2.4444013790161563,6184.98,2788900.0,17249300.0,5830.755887955194,354.2241120448052,0.060750976177297855
MILHO 2A SAFRA,BA,2026,6,150,168.2058540071684,25.362102325737617,35.71,118.38269566219377,2366.0277631985846,286.92541012390734,-118.71955611673894,-0.9427169379404579,23.58800028104237,1.7741020446952476,1.766454612082608,112.83609988093444,5.546595781259327,0.42655599989290593,76.4474999884872,93,69.05260164010203,7.394898348385169,3900.0,50000.0,195000.0,3010.365887816035,889.634112183965,0.2955235826264887
MILHO 2A SAFRA,GO,2026,33,178,299.1596985794625,23.850931406856457,37.23,121.32079110228875,2562.876764552734,543.0513014755227,-243.8916028960602,-2.668006965299563,21.700579946411505,2.150351460444952,4.08005767922648,112.04341770896173,9.277373393327025,0.9367671850612241,39.068935384192145,92,49.7287022785315,-10.659766894339356,5420.01,1750900.0,9489900.0,6562.448380952381,-1142.4383809523806,-0.1740872178542886
MILHO 2A SAFRA,MG,2026,49,150,215.49338805585109,22.176974947057953,36.83,114.68416904446688,1908.327672786246,293.5412547132784,-78.04786665742733,-1.090570752724141,20.649671437923917,1.5273035091340361,2.247253108733255,111.31699015986923,3.3671788845976494,0.4483882347789328,39.36260719766998,63,47.04983821678689,-7.687231019116908,5565.1,447000.0,2487600.0,6080.299397849478,-515.1993978494775,-0.08473257057566881
MILHO 2A SAFRA,MS,2026,19,150,344.3710270417938,23.020614230949615,39.15,102.21511625670875,2039.7458221520244,470.74865403218394,-126.37762699039013,-1.057421011465155,21.33654202042826,1.6840722105213537,2.3951718629094745,130.5071737667827,-28.292057510073946,-2.4409197137896497,18.374800420546183,33,32.90905817671884,-14.534257756172654,5861.98,2127300.0,12470200.0,5626.382809523813,235.59719047618637,0.04187365105648153
MILHO 2A SAFRA,MT,2026,38,150,305.3268170977591,25.50551846593222,38.45,99.80674237686344,2388.683078666579,409.02558510127227,-103.69876800351318,-1.2581513123038228,23.92990926373284,1.5756092021993808,1.9019071582499134,101.32398142366911,-1.5172390468056705,-0.20370730823259883,32.52632316099217,72,49.810345129437174,-17.284021968445003,7154.0,7546600.0,53988400.0,7360.866428571404,-206.86642857140396,-0.028103543323167265
MILHO 2A SAFRA,PR,2026,50,119,424.33655851064947,18.33638965006896,36.92,78.56909369679302,1061.580299981057,516.6276180966289,-92.29105958597944,-0.6528032427391653,17.438139715889985,0.898249934178974,1.372818937037819,107.35853948475696,-28.789445787963942,-3.2465610629905663,13.640453422039933,25,21.716537867225618,-8.076084445185685,5971.0,2900500.0,17318900.0,5959.18152380953,11.818476190470392,0.0019832381583360778
SOJA,BA,1992,6,121,922.7819441690821,22.64146116019716,36.25,43.42002336799924,1567.9900932595108,605.0192030937241,317.762741075358,1.9801975030449441,24.15858191923603,-1.5171207590388711,-1.9885622818897914,44.770880760382276,-1.350857392383034,-0.1008488834538342,10.936316220426848,25,11.802610395532968,-0.8662941751061197,1500.0,330000.0,495000.0,1558.2244761904876,-58.22447619048762,-0.037365910419295635
SOJA,GO,1992,33,122,990.9771041327841,22.67303016913106,35.15,11.208920411927865,1591.1928311583113,869.2893959367423,121.68770819604185,0.9423588169714486,23.455647691325083,-0.7826175221940233,-1.868591804008298,22.115380873277292,-10.906460461349427,-1.3363024521958997,3.5495376494666457,5,5.552507291191344,-2.0029696417246985,2200.0,820000.0,1804000.0,2061.608761904761,138.3912380952388,0.0671277890608965
SOJA,MG,1992,49,122,1142.641050940572,22.00584931704784,34.07,20.508731999084805,1504.3941145498175,831.2983178073905,311.3427331331816,2.021782039892043,23.176468438487376,-1.170619121439536,-2.2168625922169625,30.844484838620854,-10.335752839536049,-1.2174674451964644,5.456693102780337,13,7.7037340674580586,-2.247040964677722,2200.0,456000.0,1003200.0,1904.0213333333231,295.9786666666769,0.15544923866399876
SOJA,MS,1992,19,122,759.1204370012473,25.551724262384052,40.05,37.69416471788315,1928.8222930305185,665.0193409123674,94.1010960888799,0.7700755515241465,25.585061083869626,-0.033336821485573154,-0.06582201732336437,42.47897970718357,-4.784814989300422,-0.4190844449638193,8.81430550933142,17,7.733752593541299,1.080552915790122,1989.99,969500.0,1929300.0,2038.3655238095089,-48.37552380950888,-0.02373250687595014
SOJA,MT,1992,38,122,1295.2249859698977,24.337670815678003,35.6,10.973003034307983,1784.1668376589525,1055.3358720814533,239.8891138884444,1.2722677682374195,24.661005898346804,-0.32333508266880173,-0.6343298265703194,16.39386826658195,-5.420865232273968,-0.7874241996630394,2.410160695822327,6,3.446068204386989,-1.0359075085646618,2400.0,1452000.0,3484800.0,2427.357428571442,-27.357428571442142,-0.01127045743219722
SOJA,PR,1992,50,121,660.2396939078923,22.904072890112914,38.57,45.17361825162787,1603.0038812563625,586.1378407235283,74.10185318436402,0.55873761069134,23.118825966249158,-0.21475307613624395,-0.4171661776013822,54.161314439260074,-8.987696187632203,-0.8334300008344596,7.337553852386452,12,10.877422109044625,-3.539868256658173,1900.03,1797500.0,3415300.0,2325.903952380948,-425.8739523809479,-0.1831004035850214
SOJA,RS,1992,63,121,678.2094443742836,21.963132432770806,39.7,50.08918111318682,1487.0080869550438,563.4981353588472,114.71130901543643,0.705117894576431,22.110004244018956,-0.1468718112481504,-0.30390256037655033,65.26213277118327,-15.172951657996457,-1.362303650044072,11.178599821104983,21,11.376981333418046,-0.19838151231306256,1950.0,2970000.0,5791500.0,1663.892809523808,286.10719047619205,0.17195049394923073
SOJA,BA,1993,6,120,446.62682543197553,23.390967616190615,33.02,51.275009025041264,1628.914684305133,605.0192030937241,-158.39237766174853,-0.9870515016509251,24.15858191923603,-0.7676143030454163,-1.0061485488091755,44.770880760382276,6.504128264658988,0.4855687040171253,13.578541660451421,20,11.802610395532968,1.7759312649184533,1555.0,380000.0,590900.0,1629.6101288515492,-74.61012885154923,-0.04578403602837812
SOJA,GO,1993,33,121,773.773057293095,22.753765205902805,34.78,20.029612819896162,1578.2406015639103,869.2893959367423,-95.51633864364726,-0.7396857515030386,23.455647691325083,-0.7018824854222778,-1.6758273645090873,22.115380873277292,-2.0857680533811305,-0.2555565093113828,6.487537191047319,11,5.552507291191344,0.9350298998559747,2000.0,984000.0,1968000.0,2114.9018599439732,-114.90185994397325,-0.05432964154044347
SOJA,MG,1993,49,121,805.4097014125811,22.18986889753462,33.48,24.465069532796964,1504.1927436931453,831.2983178073905,-25.888616394809446,-0.16811421656753656,23.176468438487376,-0.9865995409527564,-1.8683750980822862,30.844484838620854,-6.3794153058238905,-0.7514431289919726,7.857112282304292,17,7.7037340674580586,0.15337821484623326,2100.04,551800.0,1158800.0,1961.4256414565752,138.61435854342471,0.07067020824734821
SOJA,MS,1993,19,121,606.69136534306,25.267018579565736,39.08,38.05951202695435,1875.0058754043616,665.0193409123674,-58.32797556930734,-0.47732651183357694,25.585061083869626,-0.3180425043038895,-0.6279602642056408,42.47897970718357,-4.419467680229218,-0.38708501038097526,5.700909661081518,9,7.733752593541299,-2.032842932459781,2090.01,1066500.0,2229000.0,2082.3382240896317,7.671775910368524,0.003684212209917298
SOJA,MT,1993,38,121,1112.7510859631639,24.079753205590595,32.88,17.340763293317327,1729.2085735254343,1055.3358720814533,57.41521388171054,0.30450538102419794,24.661005898346804,-0.5812526927562089,-1.1403214174789986,16.39386826658195,0.9468950267353762,0.13754410534925715,4.002502552182808,9,3.446068204386989,0.5564343477958187,2449.98,1713400.0,4197800.0,2465.751579831951,-15.77157983195093,-0.0063962566062822175
SOJA,PR,1993,50,120,616.9894152655445,22.88266568826148,38.94,45.444540671000624,1584.978836757182,586.1378407235283,30.851574542016238,0.2326248846001768,23.118825966249158,-0.23616027798767902,-0.4587504972776172,54.161314439260074,-8.71677376825945,-0.8083073367512412,7.738634815444394,12,10.877422109044625,-3.138787293600231,2360.0,2000000.0,4720000.0,2363.78570308123,-3.7857030812301673,-0.0016015424225197092
SOJA,RS,1993,63,120,571.6575680361931,22.115736494638725,37.14,56.12881188994285,1491.3665612113505,563.4981353588472,8.159432677345876,0.050155141980064405,22.110004244018956,0.005732250619768564,0.01186099378269683,65.26213277118327,-9.133320881240422,-0.8200353269418208,8.544408316032753,20,11.376981333418046,-2.832573017385293,2030.0,3100000.0,6293000.0,1699.4698543417326,330.53014565826743,0.19449014927440061
SOJA,BA,1994,6,120,776.5276630586688,23.082602586771376,31.58,24.422402565093925,1602.940502864487,605.0192030937241,171.5084599649448,1.0687868030856575,24.15858191923603,-1.0759793324646552,-1.410337248293725,44.770880760382276,-20.34847819528835,-1.5191250516528578,12.552578999394726,16,11.802610395532968,0.7499686038617579,2000.0,434000.0,868000.0,1700.9957815126108,299.00421848738915,0.1757818695008753
SOJA,GO,1994,33,121,1138.014197823067,23.192001421962548,34.87,7.4813149251025415,1635.169263718979,869.2893959367423,268.7248018863247,2.08102519268845,23.455647691325083,-0.26364626936253543,-0.6294866190921582,22.115380873277292,-14.63406594817475,-1.7930233444153412,2.219917961108412,5,5.552507291191344,-3.332589330082932,2190.0,1090000.0,2387100.0,2168.1949579832,21.805042016800144,0.010056771849097298
SOJA,MG,1994,49,121,1057.4022173916742,22.820703507876363,34.95,12.524045858291021,1582.7909194443941,831.2983178073905,226.10389958428368,1.4682623189201374,23.176468438487376,-0.3557649306110129,-0.6737306369336923,30.844484838620854,-18.320438980329833,-2.1579983951378128,3.8887204293910833,9,7.7037340674580586,-3.8150136380669752,2057.0,600000.0,1234200.0,2018.8299495798128,38.17005042018718,0.01890701612987843
SOJA,MS,1994,19,121,779.5166031493472,25.37182757707922,39.36,36.021835887082084,1887.7802391928387,665.0193409123674,114.49726223697985,0.9369874106659475,25.585061083869626,-0.21323350679040587,-0.4210197299089782,42.47897970718357,-6.457143820101486,-0.5655576108898703,6.701695530910308,11,7.733752593541299,-1.032057062630991,2200.0,1109000.0,2439800.0,2126.31092436974,73.68907563026005,0.03465583268453659
SOJA,MT,1994,38,121,1359.1124207978753,24.37825907953075,35.28,6.159913228260165,1770.8448207721842,1055.3358720814533,303.776548716422,1.6110990007576378,24.661005898346804,-0.28274681881605446,-0.5547023820072561,16.39386826658195,-10.233955038321785,-1.4865641387763595,1.7879074607097918,5,3.446068204386989,-1.6581607436771972,2489.98,1996000.0,4970000.0,2504.145731092445,-14.165731092445185,-0.00565691162321664
SOJA,PR,1994,50,120,588.6758475069284,22.886252456175733,37.22,47.06011443540976,1586.0505352598723,586.1378407235283,2.538006783400192,0.019136901239801392,23.118825966249158,-0.23257351007342564,-0.45178306152464526,54.161314439260074,-7.101200003850316,-0.6584950138032888,6.215500907171188,8,10.877422109044625,-4.661921201873437,2525.02,2110000.0,5327800.0,2401.6674537815124,123.35254621848753,0.051361209906169346
SOJA,RS,1994,63,120,660.1475064175075,21.292055062857216,41.18,64.67845791708844,1388.849034463858,563.4981353588472,96.64937105866034,0.5940931336059303,22.110004244018956,-0.8179491811617403,-1.6924748752023449,65.26213277118327,-0.5836748540948378,-0.05240525390808072,10.286431889974068,18,11.376981333418046,-1.0905494434439778,1800.0,3162000.0,5691600.0,1735.0468991596572,64.95310084034281,0.03743593379049398
SOJA,BA,1995,6,120,778.8882644370127,23.68262838092829,34.04,14.49524463417999,1666.2311968662589,605.0192030937241,173.86906134328865,1.0834973287415663,24.15858191923603,-0.475953538307742,-0.623854922933339,44.770880760382276,-30.275636126202286,-2.260241618692136,3.576370594923912,6,11.802610395532968,-8.226239800609056,2280.07,470600.0,1073000.0,1772.3814341736725,507.6885658263277,0.2864443037133395
SOJA,GO,1995,33,121,901.24142534942,23.360770099462492,36.27,11.061753344880044,1657.4086309607278,869.2893959367423,31.95202941267769,0.2474389326871001,23.455647691325083,-0.09487759186259126,-0.22653146078491462,22.115380873277292,-11.053627528397248,-1.3543339403469281,3.2653500888612963,7,5.552507291191344,-2.287157202330048,1899.97,1122700.0,2133100.0,2221.488056022412,-321.5180560224119,-0.14473094066420142
SOJA,MG,1995,49,121,888.7569049778392,23.22056127244074,38.01,26.10250904621901,1629.0093246682945,831.2983178073905,57.45858717044871,0.37312173118584274,23.176468438487376,0.04409283395336416,0.08350090339874547,30.844484838620854,-4.7419757924018455,-0.5585660999047364,6.207279134526668,11,7.7037340674580586,-1.4964549329313908,1980.0,600000.0,1188000.0,2076.234257703065,-96.23425770306494,-0.04635038524483685
SOJA,MS,1995,19,121,818.8052284101879,25.08722293346155,40.68,27.880732122163824,1853.1442998836708,665.0193409123674,153.78588749782045,1.2585055547031947,25.585061083869626,-0.4978381504080751,-0.9829584795470975,42.47897970718357,-14.598247585019745,-1.2786071144428723,5.577066624272118,9,7.733752593541299,-2.156685969269181,2210.04,1097900.0,2426400.0,2170.283624649848,39.75637535015176,0.01831851602187065
SOJA,MT,1995,38,121,1337.0457531060104,24.297264465550665,32.32,4.754692504740158,1760.8149518056218,1055.3358720814533,281.70988102455703,1.4940669704095606,24.661005898346804,-0.36374143279613946,-0.7136003865635511,16.39386826658195,-11.639175761841793,-1.6906837315269616,1.6684033788613895,4,3.446068204386989,-1.7776648255255996,2370.0,2295400.0,5440100.0,2542.539882352954,-172.539882352954,-0.06786122945425724
SOJA,PR,1995,50,120,766.2824750406365,22.4076644591694,34.27,36.86131656876006,1521.2388640147753,586.1378407235283,180.14463431710828,1.3583139723480604,23.118825966249158,-0.7111615070797583,-1.3814588033071324,54.161314439260074,-17.299997870500015,-1.6042305991036698,6.544354680878174,11,10.877422109044625,-4.333067428166451,2610.02,2120600.0,5534800.0,2439.5492044817947,170.47079551820525,0.06987799024714338
SOJA,RS,1995,63,120,514.9323228643126,21.57004474516418,40.84,57.654781953631044,1426.550934228903,563.4981353588472,-48.56581249453461,-0.29852874793654177,22.110004244018956,-0.5399594988547776,-1.11726731499454,65.26213277118327,-7.607350817552231,-0.6830260861244734,9.16977920153051,14,11.376981333418046,-2.207202131887536,2040.0,3015000.0,6150600.0,1770.6239439775964,269.37605602240365,0.15213623250641642
SOJA,BA,1996,6,121,430.1309101601442,24.11298960301744,34.7,39.331059687007766,1733.9516980643914,605.0192030937241,-174.88829293357986,-1.08984885958275,24.15858191923603,-0.04559231621859183,-0.059760015698236836,44.770880760382276,-5.43982107337451,-0.40611235836721277,7.402497769017809,9,11.802610395532968,-4.400112626515159,1615.01,433000.0,699300.0,1843.767086834734,-228.75708683473408,-0.12407049050184
SOJA,GO,1996,33,122,819.4238670062217,23.626152728730442,35.65,16.910852532335337,1700.7719603047674,869.2893959367423,-49.865528930520554,-0.38616242796615824,23.455647691325083,0.17050503740535916,0.40710092274013177,22.115380873277292,-5.204528340941955,-0.6376792919362302,3.888979994061411,11,5.552507291191344,-1.6635272971299333,2250.05,909400.0,2046200.0,2274.781154061624,-24.731154061623783,-0.01087188278198379
SOJA,MG,1996,49,122,768.287285434557,23.342351921404706,37.93,27.191521746862396,1658.806469658028,831.2983178073905,-63.01103237283348,-0.4091779251901019,23.176468438487376,0.16588348291733013,0.31414221860127456,30.844484838620854,-3.6529630917584583,-0.43028927952961593,6.389839680270897,14,7.7037340674580586,-1.3138943871871618,1970.08,528000.0,1040200.0,2133.638565826317,-163.55856582631714,-0.07665710980574353
SOJA,MS,1996,19,122,806.038831158943,25.19640070019398,37.17,21.696341641563993,1882.1294903179996,665.0193409123674,141.01949024657563,1.1540318470330622,25.585061083869626,-0.3886603836756457,-0.7673920118111692,42.47897970718357,-20.782638065619576,-1.8202752578919563,3.6372676777932313,5,7.733752593541299,-4.096484915748068,2420.04,845400.0,2045900.0,2214.2563249299565,205.7836750700435,0.09293579643565117
SOJA,MT,1996,38,122,1063.2664218937857,24.413917145799175,34.23,10.102453805176944,1788.3738125340333,1055.3358720814533,7.930549812332401,0.04206019500878177,24.661005898346804,-0.2470887525476293,-0.48474716772866155,16.39386826658195,-6.291414461405006,-0.9138784649221355,2.297428910769854,4,3.446068204386989,-1.1486392936171352,2460.0,1905200.0,4686800.0,2580.934033613463,-120.93403361346282,-0.04685669297953652
SOJA,PR,1996,50,121,753.6235981793737,22.70687202911202,37.77,31.92009475649774,1575.985038025394,586.1378407235283,167.4857574558455,1.2628643944016034,23.118825966249158,-0.4119539371371381,-0.8002364967024389,54.161314439260074,-22.241219682762335,-2.0624306108913357,8.871710439773214,13,10.877422109044625,-2.0057116692714114,2700.02,2311500.0,6241100.0,2477.430955182077,222.58904481792297,0.08984671978540122
SOJA,RS,1996,63,121,760.7274858966299,22.12609756217713,40.44,50.74594039895584,1503.9533691882955,563.4981353588472,197.2293505377827,1.212347288105342,22.110004244018956,0.016093318158173275,0.033299790828887725,65.26213277118327,-14.516192372227437,-1.3033365095449492,8.423374986605946,13,11.376981333418046,-2.9536063468120997,1570.01,2804000.0,4402300.0,1806.200988795521,-236.19098879552098,-0.1307667254423478
SOJA,BA,1997,6,120,846.0544656517341,22.66484529507531,33.72,24.875523682649316,1561.208893897476,605.0192030937241,241.03526255801,1.5020559787717906,24.15858191923603,-1.4937366241607215,-1.9579115849454223,44.770880760382276,-19.89535707773296,-1.485297085035152,7.692870788038772,9,11.802610395532968,-4.109739607494196,2219.96,456000.0,1012300.0,1915.1527394957957,304.80726050420435,0.15915558807306998
SOJA,GO,1997,33,121,954.7141933019518,22.739980375061393,34.4,15.171742335134018,1584.5542669485035,869.2893959367423,85.42479736520954,0.6615360924984783,23.455647691325083,-0.7156673162636906,-1.7087402768825453,22.115380873277292,-6.943638538143274,-0.8507619166241188,4.250628142064262,12,5.552507291191344,-1.3018791491270818,2500.0,991200.0,2478000.0,2328.074252100836,171.92574789916398,0.07384891085154158
SOJA,MG,1997,49,121,972.5155276489321,22.31450589340706,36.24,21.989396531687127,1527.4363017508977,831.2983178073905,141.2172098415416,0.9170293319778986,23.176468438487376,-0.861962545080317,-1.6323435070246117,30.844484838620854,-8.855088306933727,-1.043057231089479,7.697642530350107,13,7.7037340674580586,-0.006091537107951517,2250.05,522700.00000000006,1176100.0,2191.042873949569,59.007126050431,0.026931068648631633
SOJA,MS,1997,19,121,779.7859451009941,24.792399972558343,38.66,25.66779672735181,1820.6674984309316,665.0193409123674,114.76660418862673,0.9391915683281191,25.585061083869626,-0.7926611113112827,-1.565072825640188,42.47897970718357,-16.81118297983176,-1.472430032099962,6.140882510883005,8,7.733752593541299,-1.592870082658294,2500.06,862300.0,2155800.0,2258.2290252100793,241.83097478992067,0.10708877270206175
SOJA,MT,1997,38,121,1167.0160036761768,24.216556169816574,34.66,8.415829553075278,1752.3936313226898,1055.3358720814533,111.68013159472343,0.5923029581348773,24.661005898346804,-0.44444972853023046,-0.8719366821898216,16.39386826658195,-7.978038713506672,-1.1588741796166169,1.9262639121115983,5,3.446068204386989,-1.5198042922753907,2730.02,2095699.9999999998,5721300.0,2619.328184873957,110.69181512604291,0.042259620526081364
SOJA,PR,1997,50,120,597.2789733081635,22.017204321070952,34.74,51.285767855072066,1481.4559323781161,586.1378407235283,11.141132584635216,0.08400558870298298,23.118825966249158,-1.1016216451782057,-2.1399427619392233,54.161314439260074,-2.875546584188008,-0.26664973337185216,11.76530237359755,20,10.877422109044625,0.8878802645529245,2629.99,2496400.0,6565500.0,2515.3127058823593,114.67729411764049,0.04559166494466232
SOJA,RS,1997,63,120,467.1197562029141,22.149602989167064,40.59,67.26541630618368,1500.1453364813572,563.4981353588472,-96.37837915593309,-0.5924273759614719,22.110004244018956,0.03959874514810835,0.0819364855375553,65.26213277118327,2.0032835350004063,0.1798648366724324,11.058050679501793,19,11.376981333418046,-0.31893065391625264,1620.0,2944200.0,4769600.0,1841.7780336134456,-221.7780336134456,-0.12041518009547106
SOJA,BA,1998,6,120,503.6281503538338,25.645728274745156,37.67,49.86304096938253,1904.7125072608283,605.0192030937241,-101.39105273989026,-0.63183716500927,24.15858191923603,1.4871463555091253,1.949273406613206,44.770880760382276,5.092160209000255,0.38015757573032216,14.17532031137844,17,11.802610395532968,2.3727099158454728,2159.99,556300.0,1201600.0,1986.5383921568573,173.45160784314248,0.08731349392891408
SOJA,GO,1998,33,121,863.0686112574983,24.429892756639816,37.05,14.580891250400333,1782.42709295078,869.2893959367423,-6.220784679243934,-0.048174227108643226,23.455647691325083,0.974245065314733,2.326125204862608,22.115380873277292,-7.53448962287696,-0.9231553165003002,3.2527045456858223,7,5.552507291191344,-2.299802745505522,2519.99,1338100.0,3372000.0,2381.3673501400626,138.62264985993716,0.05821136745314994
SOJA,MG,1998,49,121,815.0724307060532,24.015036486179152,37.78,24.013107680379285,1720.5417619166735,831.2983178073905,-16.22588710133732,-0.10536686304724778,23.176468438487376,0.8385680476917763,1.5880401250154428,30.844484838620854,-6.831377158241569,-0.8046805515902004,4.812755083071114,15,7.7037340674580586,-2.890978984386945,2299.95,601100.0,1382500.0,2248.4471820728213,51.50281792717851,0.02290594964285466
SOJA,MS,1998,19,121,761.4781992819919,26.119398930141845,39.4,33.82534300420972,1971.9798494594522,665.0193409123674,96.45885836962452,0.7893702798978982,25.585061083869626,0.5343378462722193,1.0550254465345448,42.47897970718357,-8.653636702973849,-0.7579403890628944,6.820871206130664,15,7.733752593541299,-0.9128813874106347,2100.05,1086500.0,2281700.0,2302.2017254901875,-202.15172549018735,-0.08780799842687328
SOJA,MT,1998,38,121,1004.1728685850792,25.700389576103312,36.74,11.812090483858007,1935.9583033283348,1055.3358720814533,-51.16300349637413,-0.27134637007715745,24.661005898346804,1.0393836777565078,2.039098456651709,16.39386826658195,-4.581777782723943,-0.665540010497896,2.460716913676761,6,3.446068204386989,-0.985351290710228,2750.0,2600000.0,7150000.0,2657.722336134466,92.27766386553412,0.03472058108212603
SOJA,PR,1998,50,120,988.1003382421825,23.21466210096857,38.0,36.926908521634935,1613.9711879409938,586.1378407235283,401.96249751865423,3.0308495105016733,23.118825966249158,0.09583613471941277,0.18616540780828966,54.161314439260074,-17.23440591762514,-1.5981482505019817,6.12184254012806,8,10.877422109044625,-4.755579568916565,2550.0,2820000.0,7191000.0,2553.194456582627,-3.1944565826270264,-0.001251160707478078
SOJA,RS,1998,63,120,1028.1531290596367,21.37130281379856,37.16,44.34741170561896,1393.0502443741073,563.4981353588472,464.65499370078953,2.856183524316999,22.110004244018956,-0.7387014302203951,-1.528497906371566,65.26213277118327,-20.914721065564315,-1.8778284864735553,7.501043518068687,13,11.376981333418046,-3.875937815349359,2099.99,3150300.0,6615600.0,1877.3550784313702,222.63492156862958,0.11858967124890027
SOJA,BA,1999,6,120,505.8167627091902,24.583436760439668,37.99,55.54256670972124,1773.6002323427542,605.0192030937241,-99.20244038453387,-0.6181984208741222,24.15858191923603,0.42485484120363637,0.5568774321109805,44.770880760382276,10.771685949338966,0.8041651968827264,17.301582590790517,26,11.802610395532968,5.498972195257549,1982.94,580200.0,1150500.0,2057.924044817919,-74.98404481791886,-0.03643674070806306
SOJA,GO,1999,33,121,882.0944078495509,23.523272318986233,35.05,14.835813674006625,1670.2374064126986,869.2893959367423,12.805011912808595,0.0991629808494669,23.455647691325083,0.06762462766115007,0.16146178869403147,22.115380873277292,-7.279567199270668,-0.8919212180508513,3.8484811897071953,9,5.552507291191344,-1.704026101484149,2579.98,1324700.0,3417700.0,2434.6604481792747,145.31955182072534,0.05968781064702491
SOJA,MG,1999,49,121,865.7871342395434,23.25312200623289,37.29,24.71813969033589,1630.1189188147105,831.2983178073905,34.48881643215293,0.22396177016225002,23.176468438487376,0.07665356774551313,0.1451628661985545,30.844484838620854,-6.126345148284965,-0.7216335270270506,5.413074103525227,11,7.7037340674580586,-2.290659963932831,2315.02,577100.0,1336000.0,2305.851490196059,9.168509803941106,0.00397619267456012
SOJA,MS,1999,19,121,782.1940017471399,25.36031089134434,38.05,25.570391486526105,1881.6867164986284,665.0193409123674,117.17466083477245,0.9588978802304859,25.585061083869626,-0.22475019252528483,-0.44375889501735544,42.47897970718357,-16.908588220657464,-1.4809614008946361,4.685215997438271,9,7.733752593541299,-3.0485365961030277,2599.96,1053900.0,2740100.0,2346.174425770296,253.78557422970425,0.10816995166349637
SOJA,MT,1999,38,121,1003.8375877817138,24.529235033517438,33.72,13.073399423582671,1785.98964561605,1055.3358720814533,-51.49828429973957,-0.2731245539743599,24.661005898346804,-0.13177086482936673,-0.25851259054326664,16.39386826658195,-3.3204688429992792,-0.48232475982583595,2.754766396829511,6,3.446068204386989,-0.6913018075574779,2800.0,2548000.0,7134400.0,2696.1164873949747,103.88351260502532,0.03853079534608648
SOJA,PR,1999,50,120,622.3970545886197,23.055723508936847,37.11,46.82307935210592,1607.921221810527,586.1378407235283,36.2592138650914,0.27339918841331134,23.118825966249158,-0.06310245731231134,-0.12257897017284478,54.161314439260074,-7.338235087154153,-0.6804753016937007,12.750735156999152,14,10.877422109044625,1.873313047954527,2789.0,2769200.0,7723300.0,2591.0762072829093,197.9237927170907,0.07638671227066698
SOJA,RS,1999,63,120,506.7680557157336,22.44239851447308,42.01,63.12321864178088,1539.6685311891265,563.4981353588472,-56.730079643113584,-0.34871360688354286,22.110004244018956,0.33239427045412384,0.6877798332236192,65.26213277118327,-2.1389141294023943,-0.1920424312483762,9.794194699965397,16,11.376981333418046,-1.582786633452649,1519.99,3134500.0,4764400.0,1912.9321232492948,-392.9421232492948,-0.20541352119794284
SOJA,BA,2000,6,121,647.4389042889118,23.249234884606576,33.06,34.46248533618504,1633.8878967071264,605.0192030937241,42.41970119518771,0.2643462417977529,24.15858191923603,-0.9093470346294552,-1.191924376117599,44.770880760382276,-10.308395424197236,-0.7695780284379051,8.080067007552602,16,11.802610395532968,-3.722543387980366,2399.97,635300.0,1524700.0,2129.3096974789805,270.6603025210193,0.1271117596662761
SOJA,GO,2000,33,122,1046.8949654054702,23.221623179165533,36.2,12.768883187157181,1649.3549010358472,869.2893959367423,177.60556946872794,1.3753909644058437,23.455647691325083,-0.2340245121595501,-0.558761173826572,22.115380873277292,-9.346497686120111,-1.1451696745857258,3.3858498103454338,7,5.552507291191344,-2.1666574808459105,2800.0,1454500.0,4072600.0,2487.9535462184867,312.04645378151326,0.12542294218306518
SOJA,MG,2000,49,122,1085.7724645694939,22.82819007973316,36.27,22.880991046329136,1598.2377584153758,831.2983178073905,254.47414676210337,1.6524916267128387,23.176468438487376,-0.3482783587542144,-0.6595529246536541,30.844484838620854,-7.963493792291718,-0.9380346640114224,5.286763444743182,11,7.7037340674580586,-2.416970622714876,2349.93,594400.0,1396800.0,2363.255798319311,-13.325798319311161,-0.005638745635909637
SOJA,MS,2000,19,122,681.7699453323817,26.18647892340158,40.72,32.66906620318241,2007.800535243382,665.0193409123674,16.75060442001427,0.13707843450539384,25.585061083869626,0.6014178395319547,1.1874718010948995,42.47897970718357,-9.809913504001159,-0.8592144451061605,4.766698087180908,10,7.733752593541299,-2.967054506360391,2100.04,1106600.0,2323900.0,2390.147126050404,-290.1071260504041,-0.12137626294570045
SOJA,MT,2000,38,122,1218.7241296265997,24.343590692099113,36.07,8.651943724729307,1781.2673704580834,1055.3358720814533,163.38825754514642,0.866540421170723,24.661005898346804,-0.3174152062476914,-0.622716010486628,16.39386826658195,-7.741924541852644,-1.1245767003993032,3.1648410444393704,8,3.446068204386989,-0.2812271599476186,2911.14,2904700.0,8456000.0,2734.510638655469,176.62936134453093,0.06459267660095036
SOJA,PR,2000,50,121,561.3385844564503,23.133808093307096,38.95,57.68598635294661,1633.401193610744,586.1378407235283,-24.799256267077908,-0.18698961764309985,23.118825966249158,0.014982127057937333,0.029103362752917226,54.161314439260074,3.5246719136865323,0.32684319258669353,13.335384815545918,20,10.877422109044625,2.4579627065012932,2518.41,2832900.0,7134400.0,2628.9579579831916,-110.54795798319174,-0.04205010492750472
SOJA,RS,2000,63,121,539.8412938279048,22.45895334408396,40.67,67.21115746541282,1555.5956735944999,563.4981353588472,-23.656841530942415,-0.1454160224985462,22.110004244018956,0.3489491000650027,0.7220345691228265,65.26213277118327,1.94902469422955,0.17499320599071583,9.221052350848943,15,11.376981333418046,-2.155928982569103,1650.0,3009100.0,4965000.0,1948.5091680672194,-298.50916806721943,-0.15319874956673618
SOJA,BA,2001,6,120,460.5866979211069,23.99807078780226,35.84,49.48323487211872,1702.7077008656083,605.0192030937241,-144.43250517261714,-0.9000579650510878,24.15858191923603,-0.16051113143377194,-0.21038956845786305,44.770880760382276,4.712354111736445,0.35180297586360815,10.37089370633767,15,11.802610395532968,-1.431716689195298,2100.06,690600.0,1450300.0,2200.695350140042,-100.63535014004219,-0.045728887523499434
SOJA,GO,2001,33,121,820.2805912781018,23.410795936044202,34.89,19.80334536336668,1646.8956447140724,869.2893959367423,-49.00880465864043,-0.3795278904003834,23.455647691325083,-0.04485175528088092,-0.1070888651691372,22.115380873277292,-2.3120355099106114,-0.28327968843846907,4.783822328814962,8,5.552507291191344,-0.7686849623763825,2700.0,1540000.0,4158000.0,2541.246644257699,158.7533557423012,0.06247066025685722
SOJA,MG,2001,49,121,654.0907273288498,23.467517215070906,38.85,32.939109763569604,1651.4589152328826,831.2983178073905,-177.20759047854074,-1.1507418854988989,23.176468438487376,0.2910487765835299,0.5511742747932431,30.844484838620854,2.09462492494875,0.2467297443750272,5.728076210314818,16,7.7037340674580586,-1.9756578571432408,2330.06,642000.0,1495900.0,2420.660106442563,-90.60010644256317,-0.03742785127140811
SOJA,MS,2001,19,121,793.8058778765701,24.953647099387787,37.13,27.54907920942826,1827.7207118884855,665.0193409123674,128.7865369642027,1.0539235737267145,25.585061083869626,-0.6314139844818385,-1.2466978065909498,42.47897970718357,-14.929900497755309,-1.307655380084328,5.259098746894251,7,7.733752593541299,-2.4746538466470476,2939.97,1064500.0,3129600.0,2434.119826330527,505.85017366947295,0.207816463346445
SOJA,MT,2001,38,121,981.2359286529012,24.318087674449863,36.01,11.986514276322374,1757.9487574513385,1055.3358720814533,-74.09994342855214,-0.3929939467624352,24.661005898346804,-0.34291822389694104,-0.672748702976849,16.39386826658195,-4.407353990259576,-0.6402035541761749,2.450596322269374,4,3.446068204386989,-0.9954718821176152,3090.0,3120000.0,9640800.0,2772.9047899159777,317.09521008402226,0.11435488561928973
SOJA,PR,2001,50,120,688.8578137005646,23.21903552629657,35.95,38.100407101908246,1628.064949744972,586.1378407235283,102.71997297703638,0.7745219559985137,23.118825966249158,0.10020956004741066,0.1946609560906737,54.161314439260074,-16.06090733735183,-1.4893296052876197,9.84821232284152,19,10.877422109044625,-1.0292097862031042,3060.01,2818000.0,8623100.0,2666.839708683474,393.17029131652635,0.14742929244540942
SOJA,RS,2001,63,120,780.4703087191062,22.587280509074013,38.5,41.83207564160654,1543.6435337629564,563.4981353588472,216.97217336025903,1.3337042648591049,22.110004244018956,0.4772762650550568,0.987565127198739,65.26213277118327,-23.43005712957674,-2.1036679657212005,7.627094865593598,13,11.376981333418046,-3.7498864678244477,2395.02,2970000.0,7113200.0,1984.0862128851586,410.9337871148414,0.2071148846487281
SOJA,BA,2002,6,120,500.8509286697379,24.268224904701878,36.54,55.48994436209727,1739.8732951282843,605.0192030937241,-104.16827442398613,-0.6491439374321096,24.15858191923603,0.10964298546584672,0.14371427196692063,44.770880760382276,10.719063601714993,0.8002366511809218,15.837342452212331,17,11.802610395532968,4.034732056679363,1830.0,800000.0,1464000.0,2272.081002801133,-442.08100280113285,-0.1945709691934899
SOJA,GO,2002,33,121,1036.6015988906804,23.120835875391446,33.11,19.332916577458274,1625.163420808954,869.2893959367423,167.31220295393814,1.2956783555045088,23.455647691325083,-0.3348118159336373,-0.7994027700591488,22.115380873277292,-2.782464295819018,-0.34091847440580614,5.027140655963433,15,5.552507291191344,-0.5253666352279112,2828.28,1901900.0,5379100.0,2594.5397422969254,233.7402577030748,0.09008929556659881
SOJA,MG,2002,49,121,908.4194852982258,22.815285837876974,33.95,30.837942564485008,1580.6350775532717,831.2983178073905,77.12116749083532,0.5008056226633651,23.176468438487376,-0.36118260061040175,-0.683990361671361,30.844484838620854,-0.006542274135846071,-0.0007706265718231859,6.213063729258949,16,7.7037340674580586,-1.4906703381991093,2679.97,719000.0,1926900.0,2478.0644145658152,201.90558543418456,0.08147713362388954
SOJA,MS,2002,19,121,672.2152910783725,24.961552254450847,38.25,43.33047849530305,1836.2062064075487,665.0193409123674,7.195950166005105,0.05888799942981211,25.585061083869626,-0.6235088294187783,-1.231089442316335,42.47897970718357,0.8514987881194784,0.07457966458565009,5.7489631379998976,10,7.733752593541299,-1.9847894555414012,2750.04,1192200.0,3278600.0,2478.092526610635,271.94747338936486,0.10974064546383824
SOJA,MT,2002,38,121,1183.26765044967,24.5223741545288,32.08,11.119211033585444,1785.7909444769361,1055.3358720814533,127.93177836821678,0.6784946407650045,24.661005898346804,-0.13863174381800292,-0.27197249765591186,16.39386826658195,-5.274657232996507,-0.7661863138491738,2.996281394330554,4,3.446068204386989,-0.44978681005643484,3020.01,3853200.0,11636700.0,2811.2989411764866,208.71105882351367,0.07424008018733547
SOJA,PR,2002,50,120,467.7934604291311,23.919909156951356,38.1,61.22079049623223,1719.1791216122208,586.1378407235283,-118.34438029439718,-0.8923320192806091,23.118825966249158,0.8010831907021974,1.5561351605224074,54.161314439260074,7.059476056972159,0.654625947876324,10.530865702667523,33,10.877422109044625,-0.3465564063771023,2879.63,3291400.0,9478000.0,2704.721459383756,174.90854061624395,0.06466785702069858
SOJA,RS,2002,63,120,595.5832086284917,22.32353708701046,40.87,58.37802474033519,1518.4257794065384,563.4981353588472,32.085073269644454,0.1972234429665326,22.110004244018956,0.21353284299150488,0.44183548332471095,65.26213277118327,-6.884108030848083,-0.6180897236813856,8.430502611390853,11,11.376981333418046,-2.9464787220271926,1687.8,3305600.0,5579200.0,2019.6632577030832,-331.86325770308326,-0.16431613361155253
SOJA,BA,2003,6,120,614.7574593460183,24.061414749884065,33.75,37.362121246098404,1716.2387100585613,605.0192030937241,9.738256252294264,0.06068575141801083,24.15858191923603,-0.09716716935196601,-0.12736162685805463,44.770880760382276,-7.408759514283872,-0.5531043683859427,13.526923304868998,16,11.802610395532968,1.7243129093360299,1829.96,850400.0,1556200.0,2343.4666554621945,-513.5066554621944,-0.21912266354006096
SOJA,GO,2003,33,121,1053.7084924165392,23.570412127246396,40.3,11.52615722617824,1679.5821471158774,869.2893959367423,184.41909647979696,1.4281554329683543,23.455647691325083,0.11476443592131247,0.27401365069492395,22.115380873277292,-10.589223647099052,-1.2974333494001848,3.5046937100087985,7,5.552507291191344,-2.0478135811825458,2930.02,2170500.0,6359600.0,2647.8328403361375,282.18715966386253,0.1065728755097846
SOJA,MG,2003,49,121,1029.1794044448384,23.22828626555408,38.34,23.190763948059818,1631.9055031949442,831.2983178073905,197.88108663744788,1.284990412243784,23.176468438487376,0.051817827066702904,0.09813012646921351,30.844484838620854,-7.653720890561036,-0.9015459409240698,6.243871417323114,14,7.7037340674580586,-1.4598626501349443,2669.99,873600.0,2332500.0,2535.4687226890674,134.52127731093242,0.053055782588499786
SOJA,MS,2003,19,121,738.7823958625745,25.528904750395814,39.15,33.043571856330104,1904.732126327567,665.0193409123674,73.7630549502071,0.6036393579224121,25.585061083869626,-0.05615633347381177,-0.11087809185196273,42.47897970718357,-9.435407850853466,-0.8264128646613206,6.748110744565312,11,7.733752593541299,-0.9856418489759866,2900.01,1415100.0,4103800.0,2522.0652268907434,377.94477310925686,0.14985527300386095
SOJA,MT,2003,38,121,1207.9244046631065,24.69749013960754,38.59,9.73771891638376,1810.2275143237057,1055.3358720814533,152.58853258165323,0.809263366142411,24.661005898346804,0.03648424126073735,0.07157603264220813,16.39386826658195,-6.656149350198191,-0.966859136012659,2.7038776185511137,6,3.446068204386989,-0.7421905858358753,2929.99,4419600.0,12949400.0,2849.693092436981,80.29690756301898,0.028177387865424914
SOJA,PR,2003,50,120,646.2999985283087,22.657528992721424,36.72,52.477985192783514,1556.2825911331474,586.1378407235283,60.16215780478046,0.45363049453358806,23.118825966249158,-0.4612969735277339,-0.896087258203297,54.161314439260074,-1.6833292464765606,-0.15609529583634404,10.81209026249022,13,10.877422109044625,-0.06533184655440571,3016.0,3637600.0,10971000.0,2742.6032100840384,273.39678991596156,0.0996851418064169
SOJA,RS,2003,63,120,711.1990326903123,21.414338173214198,37.33,59.10466919249618,1400.6848596639784,563.4981353588472,147.70089733146506,0.9079012927957913,22.110004244018956,-0.6956660708047586,-1.4394504860259432,65.26213277118327,-6.157463578687093,-0.5528479426636831,10.628569701025723,14,11.376981333418046,-0.7484116323923224,2680.0,3593700.0,9631100.0,2055.240302521008,624.7596974789922,0.3039837710036372
SOJA,BA,2004,6,121,1016.65772791658,23.141268919032786,34.05,25.35936350283325,1629.824547072948,605.0192030937241,411.63852482285597,2.565201874369579,24.15858191923603,-1.017313000203245,-1.3334404984095816,44.770880760382276,-19.411517257549026,-1.4491757994640855,6.663201252713769,11,11.802610395532968,-5.139409142819199,2700.06,821500.0,2218100.0,2414.852308123256,285.20769187674387,0.1181056460129431
SOJA,GO,2004,33,122,1083.6894897770321,23.342410687006495,37.35,16.935618380674413,1671.006547301349,869.2893959367423,214.40009384028986,1.660330544350534,23.455647691325083,-0.11323700431858796,-0.27036672727052524,22.115380873277292,-5.17976249260288,-0.6346448827451364,5.00927404397261,11,5.552507291191344,-0.5432332472187342,2390.01,2572000.0,6147100.0,2701.1259383753495,-311.1159383753493,-0.11518009358811189
SOJA,MG,2004,49,122,1034.5240387119477,22.79697412046316,38.33,20.93312591972442,1595.5053589748259,831.2983178073905,203.2257209045572,1.3196971338758925,23.176468438487376,-0.3794943180242143,-0.7186682176797345,30.844484838620854,-9.911358918896433,-1.167477300275273,6.048428174275033,12,7.7037340674580586,-1.6553058931830256,2495.03,1065800.0,2659200.0,2592.8730308123195,-97.84303081231928,-0.03773537294329685
SOJA,MS,2004,19,122,489.1447164846141,25.81701907045498,39.81,55.084575938325436,1966.5794991105274,665.0193409123674,-175.8746244277533,-1.4392685530185771,25.585061083869626,0.23195798658535338,0.4579903521372368,42.47897970718357,12.605596231141867,1.1040780702658872,10.673048937030623,13,7.733752593541299,2.9392963434893247,1849.99,1797200.0,3324800.0,2566.0379271708516,-716.0479271708516,-0.2790480684595025
SOJA,MT,2004,38,122,1298.6295884823505,24.604451093802826,34.48,9.802224431512078,1814.5609029965149,1055.3358720814533,243.2937164008972,1.2903243026505158,24.661005898346804,-0.05655480454397832,-0.1109511503112915,16.39386826658195,-6.591643835069872,-0.9574891920189653,3.0408620714980885,10,3.446068204386989,-0.4052061328889005,2864.0,5240500.0,15008800.0,2888.0872436974896,-24.087243697489612,-0.008340206394406488
SOJA,PR,2004,50,121,422.80985095345176,23.375468517126247,39.24,63.69976173165269,1667.7110775883434,586.1378407235283,-163.3279897700765,-1.2315142852919647,23.118825966249158,0.2566425508770891,0.4985381065803253,54.161314439260074,9.538447292392618,0.8845012079733582,12.39735543067935,15,10.877422109044625,1.5199333216347242,2549.99,3935900.0,10036500.0,2780.4849607843207,-230.49496078432094,-0.08289739525125962
SOJA,RS,2004,63,121,349.0719040674288,21.952118111459786,40.66,75.16308385094834,1493.6106061181931,563.4981353588472,-214.4262312914184,-1.3180546368781976,22.110004244018956,-0.15788613255917028,-0.3266930497072325,65.26213277118327,9.900951079765065,0.8889570136976768,16.434549091521813,24,11.376981333418046,5.057567758103767,1400.0,3971000.0,5559400.0,2090.8173473389324,-690.8173473389324,-0.33040540256573037
SOJA,BA,2005,6,120,730.0396039713785,24.26940823662282,34.99,32.92615008458411,1743.672174807441,605.0192030937241,125.02040087765442,0.779087833928581,24.15858191923603,0.11082631738678828,0.14526532135499395,44.770880760382276,-11.844730675798168,-0.8842738472625667,8.978885783322525,10,11.802610395532968,-2.8237246122104427,2760.0,870000.0,2401200.0,2486.2379607843177,273.7620392156823,0.11011095620522193
SOJA,GO,2005,33,121,866.6899813148889,23.538082438047972,37.09,22.106461999482676,1681.5195164080699,869.2893959367423,-2.5994146218533842,-0.020130063456546537,23.455647691325083,0.08243474672288897,0.1968226978359195,22.115380873277292,-0.008918873794616644,-0.001092775512716373,5.201020533679686,12,5.552507291191344,-0.35148675751165825,2624.0,2662000.0,6985100.0,2754.4190364145616,-130.41903641456156,-0.047349017956370414
SOJA,MG,2005,49,121,901.0531688624966,23.03857206636879,36.67,27.031108696425363,1606.180868265072,831.2983178073905,69.75485105510609,0.45297060136692086,23.176468438487376,-0.13789637211858619,-0.26114156462453914,30.844484838620854,-3.813376142195491,-0.44918462945949217,5.869715217313985,12,7.7037340674580586,-1.8340188501440737,2700.03,1119100.0,3021600.0,2650.277338935557,49.752661064443146,0.018772624409347866
SOJA,MS,2005,19,121,534.2540811086387,25.798869847768614,41.43,57.84435091834244,1946.2087959543446,665.0193409123674,-130.76525980372867,-1.070116435928045,25.585061083869626,0.21380876389898873,0.4221555485527237,42.47897970718357,15.365371211158873,1.345796667183793,14.846508012760836,19,7.733752593541299,7.112755419219537,1902.01,2030800.0,3862600.0,2610.0106274509744,-708.0006274509744,-0.2712635036825241
SOJA,MT,2005,38,121,1057.8520935100341,24.808821057574207,36.41,19.353170889483774,1825.9258034165377,1055.3358720814533,2.5162214285808204,0.013344946627383832,24.661005898346804,0.1478151592274024,0.28998883617348176,16.39386826658195,2.9593026229018236,0.42986246651656906,3.9170861978565634,8,3.446068204386989,0.4710179934695744,2938.0,6105200.0,17937100.0,2926.4813949579984,11.518605042001582,0.003935991208366079
SOJA,PR,2005,50,120,376.00650583494763,24.319089907870215,40.67,69.2404235023553,1761.984243571449,586.1378407235283,-210.13133488858062,-1.584417594724895,23.118825966249158,1.2002639416210563,2.331559247706253,54.161314439260074,15.079109063095224,1.3982873493579027,15.189673020009305,23,10.877422109044625,4.31225091096468,2340.01,4148399.9999999995,9707300.0,2818.3667114845884,-478.35671148458823,-0.16972834285025012
SOJA,RS,2005,63,120,426.8386210011836,22.962759468625972,42.47,82.38777923505381,1606.1144297837059,563.4981353588472,-136.65951435766362,-0.8400311169384899,22.110004244018956,0.8527552246070158,1.7644944522042583,65.26213277118327,17.125646463870538,1.537626377053645,16.702776007926698,33,11.376981333418046,5.325794674508652,698.0,4090100.0,2854900.0,2126.394392156857,-1428.394392156857,-0.6717448077484814
SOJA,BA,2006,6,120,809.1121542202857,23.99548444164603,37.8,38.00566795616804,1713.3115445657338,605.0192030937241,204.09295112656162,1.2718431079811447,24.15858191923603,-0.16309747759000004,-0.21377961528409206,44.770880760382276,-6.7652128042142365,-0.5050600910796461,11.03933531447088,14,11.802610395532968,-0.763275081062087,2282.03,872600.0,1991300.0,2557.6236134453793,-275.5936134453791,-0.10775378050022241
SOJA,GO,2006,33,121,860.3481444330898,23.346259820407898,38.74,25.844518234547113,1653.601665467159,869.2893959367423,-8.941251503652438,-0.069241727978407,23.455647691325083,-0.10938787091718538,-0.2611764664823029,22.115380873277292,3.729137361269821,0.45690858350424385,9.849831435052192,17,5.552507291191344,4.297324143860847,2570.02,2542200.0,6533500.0,2807.712134453788,-237.69213445378819,-0.08465687473335964
SOJA,MG,2006,49,121,780.3884871500964,22.89276150798658,37.35,30.604644830640268,1588.7105627283909,831.2983178073905,-50.90983065729415,-0.3305957400741175,23.176468438487376,-0.2837069305007951,-0.5372706372731122,30.844484838620854,-0.23984000798058602,-0.02825119817640017,11.472260704572026,21,7.7037340674580586,3.7685266371139674,2339.99,1060900.0,2482500.0,2707.681647058809,-367.6916470588094,-0.1357957452118533
SOJA,MS,2006,19,121,672.7854381452871,25.490096013268413,40.39,49.66763786294718,1902.7379454396805,665.0193409123674,7.766097232919719,0.0635537932967555,25.585061083869626,-0.09496507060121218,-0.18750415437574341,42.47897970718357,7.188658155763612,0.6296282761150814,6.925193704372689,10,7.733752593541299,-0.8085588891686095,2280.01,1949600.0,4445100.0,2653.9833277310827,-373.97332773108246,-0.1409102023450901
SOJA,MT,2006,38,121,1138.6271151606609,24.44796994185926,34.47,16.12793840632705,1779.0710508000068,1055.3358720814533,83.29124307920756,0.44174061185361857,24.661005898346804,-0.2130359564875448,-0.4179412274615676,16.39386826658195,-0.26592986025490006,-0.03862844737976981,4.445967473718556,12,3.446068204386989,0.9998992693315674,2695.0,6196800.0,16700400.000000002,2964.8755462184927,-269.8755462184927,-0.09102424098802445
SOJA,PR,2006,50,120,470.5037543091784,23.45789806803347,40.89,59.544803682897566,1660.0821051816472,586.1378407235283,-115.63408641434984,-0.8718960509244419,23.118825966249158,0.3390721017843106,0.6586607054833948,54.161314439260074,5.3834892436374915,0.49921151662772556,9.763969264095747,14,10.877422109044625,-1.1134528449488776,2422.0,3982500.0,9645600.0,2856.2484621848707,-434.24846218487073,-0.15203455439331595
SOJA,RS,2006,63,120,407.91200370642895,22.149303888812014,41.57,69.92330473017235,1502.7964498833708,563.4981353588472,-155.58613165241826,-0.956370967410734,22.110004244018956,0.03929964479305781,0.08131759643326136,65.26213277118327,4.6611719589890726,0.4185033813026977,9.760955636791135,21,11.376981333418046,-1.6160256966269113,1960.0,3967400.0,7776100.0,2161.9714369747962,-201.97143697479623,-0.09342003021899811
SOJA,BA,2007,6,120,479.370646110863,24.436602174683717,36.9,58.51223160888806,1762.554034591887,605.0192030937241,-125.64855698286107,-0.7830023052943654,24.15858191923603,0.2780202554476858,0.36441436206757993,44.770880760382276,13.741350848505782,1.0258669035186088,18.720802815212206,22,11.802610395532968,6.918192419679238,2700.05,850800.0,2297200.0,2629.009266106441,71.04073389355926,0.027021865160167538
SOJA,GO,2007,33,121,939.3233668159786,23.32560465537843,33.87,33.232459685468136,1649.7710843849366,869.2893959367423,70.03397087923634,0.5423483679982456,23.455647691325083,-0.13004303594665245,-0.31049311349053643,22.115380873277292,11.117078812190844,1.3621082413155,10.166137375175987,14,5.552507291191344,4.613630083984643,2790.0,2191400.0,6114000.0,2861.005232493,-71.00523249300022,-0.024818281241355242
SOJA,MG,2007,49,121,803.7309374169866,22.903022643669683,33.76,36.215522037046014,1593.1480270664306,831.2983178073905,-27.567380390403855,-0.1790156911622826,23.176468438487376,-0.27344579481769316,-0.5178385885111219,30.844484838620854,5.37103719842516,0.6326644065063944,12.107070210385146,18,7.7037340674580586,4.403336142927087,2760.0,930400.0,2567900.0,2765.0859551820613,-5.085955182061298,-0.0018393479495744732
SOJA,MS,2007,19,121,897.4279828563014,25.165215512832727,38.02,38.74683372624522,1862.794202282417,665.0193409123674,232.40864194393396,1.9019142237717495,25.585061083869626,-0.41984557103689824,-0.828965726738162,42.47897970718357,-3.7321459809383484,-0.3268850165456822,8.427594012410262,13,7.733752593541299,0.6938414188689634,2810.03,1737100.0,4881300.0,2697.956028011191,112.07397198880926,0.041540325648459525
SOJA,MT,2007,38,121,1145.389821841923,24.698404480628774,34.82,21.94622454557016,1808.1420902102977,1055.3358720814533,90.05394976046978,0.47760707364152144,24.661005898346804,0.037398582281969794,0.07336981813754395,16.39386826658195,5.55235627898821,0.8065243299531969,5.7929963312376085,10,3.446068204386989,2.3469281268506195,2997.0,5124800.0,15359000.0,3003.2696974790015,-6.269697479001479,-0.0020876238601762525
SOJA,PR,2007,50,120,621.8769386273945,23.445744018497926,36.28,53.26269650714632,1654.3078630250695,586.1378407235283,35.739097903866195,0.26947744641943205,23.118825966249158,0.326918052248768,0.6350509929784924,54.161314439260074,-0.8986179321137513,-0.08332893416468833,9.995247045440372,16,10.877422109044625,-0.8821750636042527,2995.0,3978500.0,11915600.0,2894.130212885153,100.86978711484699,0.03485323039915681
SOJA,RS,2007,63,120,634.0171309863445,22.74404650405646,39.08,64.61451384047669,1573.461534628319,563.4981353588472,70.51899562749725,0.43347256823487335,22.110004244018956,0.6340422600375035,1.3119404232495866,65.26213277118327,-0.6476189307065852,-0.058146473608136365,8.16335207810903,14,11.376981333418046,-3.2136292553090158,2550.0,3892000.0,9924600.0,2197.548481792721,352.45151820727915,0.16038395563394145
SOJA,BA,2008,6,121,625.0308460986192,23.899218942360974,35.4,34.844015927120516,1713.3891747664707,605.0192030937241,20.011643004895177,0.12470626787777689,24.15858191923603,-0.2593629768750567,-0.33995938033247713,44.770880760382276,-9.92686483326176,-0.7410946856984857,5.997910825584546,8,11.802610395532968,-5.804699569948422,3036.02,905000.0,2747600.0,2700.3949187675025,335.62508123249745,0.1242874065937294
SOJA,GO,2008,33,122,911.6542264815567,23.178948016914614,36.38,20.223734244657315,1650.2328395018178,869.2893959367423,42.36483054481448,0.32807645229944304,23.455647691325083,-0.2766996744104695,-0.660653165962448,22.115380873277292,-1.8916466286199771,-0.23177198848985903,4.616146312550631,12,5.552507291191344,-0.936360978640713,3002.02,2179700.0,6543500.0,2914.2983305322123,87.7216694677877,0.03010044254864185
SOJA,MG,2008,49,122,859.7641857458254,23.030152305301716,38.36,31.62207702694371,1621.9422203810834,831.2983178073905,28.46586793843494,0.184850245158116,23.176468438487376,-0.1463161331856604,-0.2770865060688992,30.844484838620854,0.7775921883228563,0.09159402218877469,8.189535390871493,12,7.7037340674580586,0.4858013234134342,2915.98,870000.0,2536900.0,2822.4902633053134,93.4897366946866,0.03312313877930061
SOJA,MS,2008,19,122,717.0062648805542,24.94852784458156,39.56,52.00455697639169,1855.3051747966763,665.0193409123674,51.98692396818683,0.42543456782939876,25.585061083869626,-0.6365332392880667,-1.2568055392277906,42.47897970718357,9.52557726920812,0.8343104742300024,8.482934674187598,11,7.733752593541299,0.7491820806462997,2639.02,1731400.0,4569200.0,2741.9287282913137,-102.90872829131376,-0.03753151102342596
SOJA,MT,2008,38,122,1042.043402428684,24.31832867500364,34.44,15.970407498892078,1779.8474903357078,1055.3358720814533,-13.292469652769341,-0.07049749121736665,24.661005898346804,-0.34267722334316275,-0.6722758998457451,16.39386826658195,-0.42346076768987295,-0.06151107651628894,2.8374985014324987,5,3.446068204386989,-0.6085697029544903,3145.0,5675000.0,17847900.0,3041.6638487395103,103.33615126048971,0.033973560656057715
SOJA,PR,2008,50,121,498.0775928556341,22.977516970400274,37.36,61.58244487610078,1614.0786962738512,586.1378407235283,-88.06024786789413,-0.663985722032879,23.118825966249158,-0.14130899584888468,-0.27449820379555395,54.161314439260074,7.421130436840706,0.6881621960786607,8.682676742580728,16,10.877422109044625,-2.1947453664638967,2991.0,3977300.0,11896100.0,2932.0119635854353,58.988036414564704,0.020118620642471968
SOJA,RS,2008,63,121,445.3536760367471,21.524919184808127,40.73,75.08892991912265,1447.2270549309899,563.4981353588472,-118.14445932210009,-0.7262210947471601,22.110004244018956,-0.5850850592108294,-1.210639713782898,65.26213277118327,9.826797147939374,0.882299102022461,10.738766873029531,23,11.376981333418046,-0.6382144603885145,2028.01,3834000.0,7775400.0,2233.1255266106455,-205.11552661064547,-0.09185131967120637
SOJA,BA,2009,6,120,619.1829992719901,24.155783096110234,35.93,37.82312641044425,1726.9732486575817,605.0192030937241,14.163796178266011,0.08826432492029786,24.15858191923603,-0.0027988231257971563,-0.0036685504884707144,44.770880760382276,-6.947754349938023,-0.5186878146084085,5.274805798931892,7,11.802610395532968,-6.527804596601076,2551.98,947500.0,2418000.0,2771.780571428564,-219.80057142856413,-0.0792994126931483
SOJA,GO,2009,33,121,758.2250576696864,23.536521849492445,36.71,30.147082990737005,1675.9663458999005,869.2893959367423,-111.06433826705586,-0.8600906366684611,23.455647691325083,0.08087415816736154,0.1930966082690611,22.115380873277292,8.031702117459712,0.9840757478472054,5.994092458164685,8,5.552507291191344,0.4415851669733408,2962.99,2307200.0,6836200.0,2967.5914285714243,-4.601428571424549,-0.0015505600020012328
SOJA,MG,2009,49,121,860.4471464279611,23.190511761546215,37.33,30.890304236284233,1623.5862098352684,831.2983178073905,29.14882862057061,0.1892852214532064,23.176468438487376,0.014043323058839263,0.026594574605337734,30.844484838620854,0.04581939766337939,0.005397151603731594,6.72100374085419,18,7.7037340674580586,-0.9827303266038685,2961.04,929100.0,2751100.0,2879.8945714285655,81.14542857143442,0.028176527493915308
SOJA,MS,2009,19,121,542.899003562289,26.13056533316227,40.46,59.09395868010072,1980.0659510598484,665.0193409123674,-122.12033735007844,-0.9993707836128977,25.585061083869626,0.5455042492926445,1.077072994569926,42.47897970718357,16.61497897291715,1.4552452407294791,8.213385088399244,10,7.733752593541299,0.47963249485794535,2436.01,1715800.0,4179700.0,2785.901428571422,-349.8914285714218,-0.1255936139674698
SOJA,MT,2009,38,121,1004.4146313999398,24.52733051333256,36.88,25.106321975595613,1786.8247462429138,1055.3358720814533,-50.921240681513495,-0.27006416501199315,24.661005898346804,-0.13367538501424292,-0.2622489433961665,16.39386826658195,8.712453709013662,1.2655538544062888,4.071605659073319,6,3.446068204386989,0.6255374546863304,3082.0,5828200.0,17962500.0,3080.0580000000045,1.9419999999954598,0.0006305076073228027
SOJA,PR,2009,50,120,443.5887357162579,23.505448084881127,38.6,68.04767734234044,1668.5552064969577,586.1378407235283,-142.54910500727038,-1.074838791680278,23.118825966249158,0.38662211863196916,0.7510284569964605,54.161314439260074,13.88636290308036,1.2876838740752816,12.89854497073693,22,10.877422109044625,2.021122861692305,2336.99,4069200.0,9509700.0,2969.8937142857176,-632.9037142857178,-0.21310652002168906
SOJA,RS,2009,63,120,350.37689582632805,22.223460140960515,38.86,74.74825024971129,1527.7069249160068,563.4981353588472,-213.12123953251916,-1.3100329949897698,22.110004244018956,0.11345589694155933,0.234759395130644,65.26213277118327,9.486117478528016,0.8517111737408661,14.00830441495826,26,11.376981333418046,2.6313230815402147,2070.01,3822500.0,7912600.0,2268.70257142857,-198.69257142856986,-0.08757982378600468
SOJA,BA,2010,6,120,517.6875094555201,24.525494563555576,36.53,54.999216528309404,1772.0108738274703,605.0192030937241,-87.331693638204,-0.5442236591169322,24.15858191923603,0.3669126443195445,0.48092984088130625,44.770880760382276,10.228335767927128,0.7636011377682727,12.137402899465945,13,11.802610395532968,0.3347925039329773,3060.01,1016500.0,3110500.0,2843.1662240896258,216.84377591037446,0.07626841303652841
SOJA,GO,2010,33,121,813.0372607000417,23.548916201217285,34.87,26.77555460646708,1681.0928536072872,869.2893959367423,-56.25213523670061,-0.4356207902968739,23.455647691325083,0.09326850989220148,0.22268958746035794,22.115380873277292,4.660173733189787,0.5709828233815403,5.051964493928603,8,5.552507291191344,-0.5005427972627414,2880.02,2549500.0,7342600.0,3020.884526610651,-140.86452661065096,-0.046630225475283914
SOJA,MG,2010,49,121,731.6837107309985,23.368138394031856,38.41,35.92130337427213,1648.335020049379,831.2983178073905,-99.61460707639196,-0.6468724080089596,23.176468438487376,0.19166995554448008,0.3629754090945737,30.844484838620854,5.076818535651274,0.5980078459967179,6.194236839591052,13,7.7037340674580586,-1.5094972278670067,2817.96,1019000.0,2871500.0,2937.298879551803,-119.33887955180307,-0.04062878326158378
SOJA,MS,2010,19,121,747.1815109238162,25.129414021629334,36.55,42.512557715302314,1864.1679343073115,665.0193409123674,82.16217001144878,0.672373447448759,25.585061083869626,-0.45564706224029194,-0.8996541208075206,42.47897970718357,0.03357800811874512,0.0029409749231479394,12.52272462264925,15,7.733752593541299,4.788972029107951,3099.99,1712200.0,5307800.0,2829.8741288515303,270.1158711484695,0.09545154973309457
SOJA,MT,2010,38,121,1215.7980319210653,24.75698436314858,33.03,20.009548945750545,1818.194130602692,1055.3358720814533,160.462159839612,0.8510216686224266,24.661005898346804,0.09597846480177452,0.1882938357003398,16.39386826658195,3.6156806791685945,0.525206649315121,4.198811067046205,9,3.446068204386989,0.7527428626592161,3015.01,6224500.0,18766900.0,3118.4521512605133,-103.44215126051313,-0.03317099196750563
SOJA,PR,2010,50,120,719.73648637364,22.729236237786836,37.47,53.25307531272697,1565.0397480814247,586.1378407235283,133.59864565011173,1.0073511640312571,23.118825966249158,-0.3895897284623224,-0.7567931541631514,54.161314439260074,-0.908239126533104,-0.08422110852233783,13.814724154647996,17,10.877422109044625,2.9373020456033707,3138.99,4485100.0,14078700.0,3007.775464986,131.21453501399992,0.04362510983332683
SOJA,RS,2010,63,120,705.4125673075703,21.754082532038115,36.18,67.68795270798074,1446.504825819759,563.4981353588472,141.91443194872306,0.8723325217414101,22.110004244018956,-0.3559217119808409,-0.7364620797235849,65.26213277118327,2.425819936797467,0.2178022726716606,15.15425677101214,18,11.376981333418046,3.777275437594094,2569.99,3976200.0,10218800.0,2304.2796162464947,265.7103837535051,0.115311693025488
SOJA,BA,2011,6,120,467.81216823187486,23.663639033353093,32.52,39.23431369741976,1674.6965169202256,605.0192030937241,-137.2070348618492,-0.8550311056424357,24.15858191923603,-0.49494288588293855,-0.648745163292092,44.770880760382276,-5.5365670629625185,-0.4133349749687884,12.076378728973856,17,11.802610395532968,0.2737683334408878,3360.0,1043900.0000000001,3507500.0,2914.5518767506874,445.44812324931263,0.15283588767200953
SOJA,GO,2011,33,121,1011.7752322540503,23.208989567417944,34.28,19.650400787413748,1635.8784990691897,869.2893959367423,142.48583631730799,1.1034210943544858,23.455647691325083,-0.24665812390713882,-0.5889254145918261,22.115380873277292,-2.4649800858635444,-0.30201905971481063,3.760375541947235,6,5.552507291191344,-1.7921317492441093,3140.01,2605600.0,8181600.0,3074.177624649863,65.83237535013723,0.021414629662993297
SOJA,MG,2011,49,121,957.8369740436932,23.089826045500686,35.8,31.888826726960673,1610.6353564363076,831.2983178073905,126.5386562363027,0.8217104666489625,23.176468438487376,-0.08664239298668974,-0.16407922644912534,30.844484838620854,1.0443418883398188,0.12301496276547993,7.637680834454074,22,7.7037340674580586,-0.06605323300398425,2845.03,1024099.9999999999,2913600.0,2994.7031876750552,-149.67318767505503,-0.049979306226756365
SOJA,MS,2011,19,121,707.8344973408635,25.180850806984143,39.88,34.84323625354805,1873.9303062360125,665.0193409123674,42.81515642849615,0.35037748305423844,25.585061083869626,-0.4042102768854825,-0.7980945591634201,42.47897970718357,-7.63574345363552,-0.6687868421890284,4.48933468955355,9,7.733752593541299,-3.244417903987749,2936.99,1760100.0,5169400.0,2873.8468291316385,63.14317086836127,0.021971654935917587
SOJA,MT,2011,38,121,1138.5850838582696,24.10645830427728,33.62,15.932753180717855,1739.1102135557396,1055.3358720814533,83.24921177681631,0.4415176960638079,24.661005898346804,-0.5545475940695255,-1.0879304412859854,16.39386826658195,-0.4611150858640958,-0.06698066856142398,3.082496688424498,8,3.446068204386989,-0.3635715159624908,3190.0,6398800.0,20412200.0,3156.846302521022,33.15369747897785,0.010502157628802414
SOJA,PR,2011,50,120,629.551542836818,22.760962010076703,36.22,46.98058639997486,1571.731492303748,586.1378407235283,43.41370211328979,0.32734496031690974,23.118825966249158,-0.35786395617245503,-0.6951646113001876,54.161314439260074,-7.1807280392852135,-0.6658696567880036,7.7763459640010515,12,10.877422109044625,-3.1010761450435735,3360.0,4590500.0,15424100.0,3045.657215686282,314.34278431371786,0.10321016518035388
SOJA,RS,2011,63,120,654.413636781635,22.01117021080504,39.15,57.790187470603485,1490.7019877352884,563.4981353588472,90.91550142278777,0.5588476628661785,22.110004244018956,-0.09883403321391526,-0.20450429180928423,65.26213277118327,-7.47194530057979,-0.6708687001282921,11.639238241921138,21,11.376981333418046,0.26225690850309213,2845.01,4084800.0,11621300.0,2339.8566610644193,505.1533389355809,0.21589071986391792
SOJA,BA,2012,6,121,404.0424261378209,24.693525861919426,36.24,62.1494043773102,1808.4532172538914,605.0192030937241,-200.97677695590318,-1.2524240902230888,24.15858191923603,0.5349439426833946,0.7011764495395435,44.770880760382276,17.37852361692792,1.297401718882788,12.178283157841411,15,11.802610395532968,0.3756727623084437,2859.99,1112800.0,3182600.0,2985.937529411778,-125.9475294117783,-0.04218022921483881
SOJA,GO,2012,33,122,856.7517203700728,22.922629439967178,35.68,24.160094548485453,1615.062512624463,869.2893959367423,-12.537675566669463,-0.09709270796311027,23.455647691325083,-0.5330182513579054,-1.2726440536138346,22.115380873277292,2.044713675208161,0.25052636535034845,5.949296295750844,13,5.552507291191344,0.3967890045594995,3120.01,2644700.0,8251500.0,3127.470722689075,-7.460722689074828,-0.002385545173916102
SOJA,MG,2012,49,122,764.9514125612394,22.469409505254188,35.26,37.879844683181815,1550.299677077598,831.2983178073905,-66.3469052461511,-0.4308402514463296,23.176468438487376,-0.7070589332331885,-1.33899444394002,30.844484838620854,7.035359844560961,0.8287080495221971,9.989256953094802,17,7.7037340674580586,2.2855228856367438,2987.01,1024000.0,3058700.0,3052.1074957983074,-65.09749579830714,-0.021328703490268212
SOJA,MS,2012,19,122,476.1921493230058,26.11013920025672,40.42,61.45666493177894,1997.7467128958515,665.0193409123674,-188.82719158936158,-1.5452657806301238,25.585061083869626,0.5250781163870961,1.0367425367144825,42.47897970718357,18.97768522459537,1.662186039968591,9.94631234100749,12,7.733752593541299,2.212559747466191,2550.03,1815000.0,4628300.0,2917.8195294117613,-367.7895294117611,-0.12604944401270365
SOJA,MT,2012,38,122,981.890855362302,24.24379212907778,36.26,18.011542162722712,1771.4585655485105,1055.3358720814533,-73.44501671915134,-0.38952049967923025,24.661005898346804,-0.41721376926902565,-0.818504245560812,16.39386826658195,1.6176738961407615,0.23498012188177803,3.387195357556904,6,3.446068204386989,-0.0588728468300852,3130.01,6980500.0,21849000.0,3195.2404537815164,-65.23045378151619,-0.02041488104731429
SOJA,PR,2012,50,121,432.83921850308025,23.65896422150952,39.37,72.69870626530528,1697.9097955085915,586.1378407235283,-153.298622220448,-1.155891549549006,23.118825966249158,0.5401382552603629,1.0492395050969734,54.161314439260074,18.5373918260452,1.7189742691024072,13.509320162666503,20,10.877422109044625,2.631898053621878,2453.01,4460600.0,10941900.0,3083.53896638655,-630.5289663865497,-0.20448224370111853
SOJA,RS,2012,63,121,318.97172544833523,22.6908331455794,41.49,83.1809336403453,1586.326424341191,563.4981353588472,-244.52640991051197,-1.5030771490998451,22.110004244018956,0.5808289015604444,1.201833005427318,65.26213277118327,17.918800869162027,1.6088397550259972,11.737227379691541,19,11.376981333418046,0.3602460462734953,1554.99,4197200.0,6526600.0,2375.4337058823585,-820.4437058823585,-0.34538690928341587
SOJA,BA,2013,6,120,594.6102068178554,24.85601560327062,37.56,50.321106463050796,1805.4769317609018,605.0192030937241,-10.408996275868617,-0.06486559237538493,24.15858191923603,0.6974336840345892,0.914159476052026,44.770880760382276,5.55022570266852,0.41435466703370616,10.622285780159007,11,11.802610395532968,-1.1803246153739604,2100.01,1281900.0,2692000.0,3057.3231820728397,-957.3131820728395,-0.31312135651416123
SOJA,GO,2013,33,121,719.2179926054899,23.848245871743103,37.24,30.9709805839154,1713.177637106645,869.2893959367423,-150.07140333125233,-1.1621642990979106,23.455647691325083,0.39259818041801964,0.9373745429837311,22.115380873277292,8.855599710638106,1.0850229229664161,5.57156276662963,16,5.552507291191344,0.019055475438285896,2964.99,2888000.0,8562900.0,3180.763820728287,-215.77382072828732,-0.06783710859704209
SOJA,MG,2013,49,121,709.0052449513529,23.628163872111966,38.15,35.33534834237983,1679.4676043831546,831.2983178073905,-122.29307285603761,-0.7941407073014325,23.176468438487376,0.4516954336245895,0.8553992426214553,30.844484838620854,4.490863503758977,0.5289871189385861,9.211498294162691,21,7.7037340674580586,1.5077642267046327,3009.99,1121200.0,3374800.0,3109.5118039215595,-99.5218039215597,-0.03200560415819866
SOJA,MS,2013,19,121,520.57064903076,26.357871937598635,40.71,55.283534881319326,2019.8638094385306,665.0193409123674,-144.44869188160737,-1.1820946906145051,25.585061083869626,0.772810853729009,1.5258794070649018,42.47897970718357,12.804555174135757,1.1215041564116701,6.869814927114104,16,7.733752593541299,-0.8639376664271952,2880.02,2017000.0,5809000.0,2961.7922296918696,-81.7722296918696,-0.027609036471939418
SOJA,MT,2013,38,121,921.4792856646275,24.943830336813846,35.51,20.74729810326773,1845.515817192758,1055.3358720814533,-133.85658641682585,-0.709917251783295,24.661005898346804,0.28282443846704197,0.554854658893955,16.39386826658195,4.35342983668578,0.6323706379070978,3.699547391671137,8,3.446068204386989,0.2534791872841482,3010.0,7818200.0,23532800.0,3233.634605042025,-223.6346050420252,-0.06915889775960596
SOJA,PR,2013,50,120,568.920949966822,22.370034225977875,38.0,60.75846483220555,1528.0662168028935,586.1378407235283,-17.21689075670622,-0.1298175955330315,23.118825966249158,-0.7487917402712831,-1.4545569904213318,54.161314439260074,6.597150392945473,0.6117544410394797,16.752922786575592,17,10.877422109044625,5.875500677530967,3348.01,4752800.0,15912400.0,3121.420717086832,226.58928291316806,0.0725917149433928
SOJA,RS,2013,63,120,442.55359077055886,21.177297734863952,41.11,76.55290331166148,1388.9739025616623,563.4981353588472,-120.94454458828835,-0.74343291321977,22.110004244018956,-0.932706509155004,-1.929927150780267,65.26213277118327,11.290770540478206,1.013741970962993,14.932040347130433,16,11.376981333418046,3.5550590137123876,2714.0,4618600.0,12534900.0,2411.010750700283,302.9892492997169,0.12566897481137862
SOJA,BA,2014,6,120,420.820291606191,24.200723169239758,34.2,54.36624425836186,1734.6309319451323,605.0192030937241,-184.19891148753305,-1.1478697073069006,24.15858191923603,0.04214125000372704,0.055236539194275514,44.770880760382276,9.595363497979584,0.7163463001803916,12.38071836224984,19,11.802610395532968,0.5781079667168729,2520.0,1312700.0,3308000.0,3128.7088347339013,-608.7088347339013,-0.19455592287023168
SOJA,GO,2014,33,121,681.800124270285,23.511344079677404,37.16,28.11513696902106,1677.4177972324235,869.2893959367423,-187.48927166645728,-1.4519311018480352,23.455647691325083,0.05569638835232027,0.13298170796923117,22.115380873277292,5.999756095743766,0.7351137256429122,11.051472433155329,19,5.552507291191344,5.498965141963985,2899.99,3101700.0,8994900.0,3234.0569187675137,-334.0669187675139,-0.10329654893483615
SOJA,MG,2014,49,121,535.0888997169499,23.736351891475714,37.38,50.67144523883371,1695.7477781174891,831.2983178073905,-296.20941809044064,-1.923510067234972,23.176468438487376,0.5598834529883376,1.0602805474463786,30.844484838620854,19.826960400212858,2.3354543398255405,16.33640750252415,21,7.7037340674580586,8.632673435066092,2701.99,1238200.0,3345600.0,3166.9161120448116,-464.9261120448118,-0.14680720789431292
SOJA,MS,2014,19,121,565.4763238462402,25.832267825565303,39.87,46.412199088927146,1956.2527879267634,665.0193409123674,-99.54301706612716,-0.8146094674091043,25.585061083869626,0.24720674169567758,0.48809831619331406,42.47897970718357,3.9332193817435765,0.34449630031775696,7.670428123449112,15,7.733752593541299,-0.06332447009218711,2900.0,2120000.0,6148000.0,3005.764929971978,-105.76492997197784,-0.035187359103615555
SOJA,MT,2014,38,121,975.3972768550627,24.349158866947228,35.0,19.366400093572313,1769.038069501164,1055.3358720814533,-79.93859522639059,-0.4239596224112507,24.661005898346804,-0.3118470313995765,-0.6117921745806558,16.39386826658195,2.9725318269903624,0.43178411462904703,3.488482232045498,7,3.446068204386989,0.04241402765850877,3069.0,8615700.0,26441600.0,3272.028756302534,-203.02875630253402,-0.062049808062188634
SOJA,PR,2014,50,120,613.528151301305,23.430211993356405,39.78,57.43563507539565,1653.0451941114488,586.1378407235283,27.390310577776745,0.2065265041380903,23.118825966249158,0.31138602710724683,0.6048794318755154,54.161314439260074,3.2743206361355774,0.3036280926208847,8.004930796515243,10,10.877422109044625,-2.872491312529382,2950.0,5010400.0,14780700.0,3159.3024677871144,-209.30246778711444,-0.06624958196348867
SOJA,RS,2014,63,120,607.6958410917955,22.471656617165728,42.79,65.78734712371737,1533.3919359668898,563.4981353588472,44.19770573294829,0.2716784724976978,22.110004244018956,0.36165237314677157,0.7483197846580893,65.26213277118327,0.5252143525340927,0.04715637706099488,9.114048524781154,17,11.376981333418046,-2.262932808636892,2605.01,4939600.0,12867700.0,2446.5877955182077,158.4222044817925,0.06475230718145447
SOJA,BA,2015,6,120,568.6175642845229,24.697784479226165,37.43,45.703766911065244,1784.6440839494273,605.0192030937241,-36.40163880920113,-0.22684356898730784,24.15858191923603,0.5392025599901338,0.7067584216394768,44.770880760382276,0.9328861506829682,0.06964504707632843,11.549324278191918,16,11.802610395532968,-0.2532861173410499,2940.01,1422000.0,4180700.0,3200.094487394963,-260.0844873949627,-0.08127400250818359
SOJA,GO,2015,33,121,772.2616303925823,23.569642308777716,38.07,31.35873701598072,1683.707946405161,869.2893959367423,-97.02776554415993,-0.7513903557479584,23.455647691325083,0.11399461745263295,0.27217561814344715,22.115380873277292,9.243356142703426,1.132532366828601,10.24597370771652,21,5.552507291191344,4.693466416525175,2593.98,3325000.0,8625000.0,3287.3500168067258,-693.3700168067257,-0.21092065440608398
SOJA,MG,2015,49,121,603.0599736610961,23.73836512203277,40.38,41.521732894445165,1695.4549179316034,831.2983178073905,-228.23834414629437,-1.4821228694368969,23.176468438487376,0.5618966835453953,1.0640931073385842,30.844484838620854,10.677248055824311,1.257692798392889,13.426551236874083,21,7.7037340674580586,5.722817169416024,2670.99,1319400.0,3524100.0,3224.320420168049,-553.3304201680494,-0.17161148647230606
SOJA,MS,2015,19,121,440.2384094372825,26.301491192231747,39.0,52.22141140268264,2019.9255681662898,665.0193409123674,-224.7809314750849,-1.8394929174288623,25.585061083869626,0.7164301083621218,1.414558224274591,42.47897970718357,9.742431695499072,0.853303960306959,7.48202326509096,16,7.733752593541299,-0.251729328450339,3120.02,2300500.0,7177600.0,3049.737630252086,70.28236974791389,0.023045382347236364
SOJA,MT,2015,38,121,685.7054360170933,25.035616253634593,38.22,31.41848710693651,1865.0238810335484,1055.3358720814533,-369.63043606435997,-1.960359444167677,24.661005898346804,0.3746103552877891,0.7349234105367848,16.39386826658195,15.02461884035456,2.1824465207458403,5.846097968271922,12,3.446068204386989,2.4000297638849326,3136.0,8934500.0,28018600.0,3310.422907563043,-174.42290756304283,-0.052689010568575265
SOJA,PR,2015,50,120,445.23615766056713,23.420123842417286,38.06,54.169699518719135,1661.7368310106383,586.1378407235283,-140.90168306296113,-1.0624170159566169,23.118825966249158,0.3012978761681282,0.5852828075008871,54.161314439260074,0.008385079459060307,0.0007775492890133752,9.36859331738823,14,10.877422109044625,-1.508828791656395,3294.0,5224800.0,17210500.0,3197.1842184873967,96.81578151260328,0.03028157744329393
SOJA,RS,2015,63,120,486.5238893052308,21.90770656014557,36.05,68.21125262002616,1475.8802809212966,563.4981353588472,-76.97424605361641,-0.4731522879459983,22.110004244018956,-0.2022976838733861,-0.4185880433073384,65.26213277118327,2.9491198488428836,0.26478676166998305,14.66728119274021,25,11.376981333418046,3.2902998593221646,2991.01,5249200.0,15700400.0,2482.1648403361323,508.8451596638679,0.20500055088805488
SOJA,BA,2016,6,121,621.6774089827342,25.291865898235976,36.95,75.25883004931288,1879.9898964186305,605.0192030937241,16.658205889010105,0.10380870203660403,24.15858191923603,1.1332839789999447,1.485449171980865,44.770880760382276,30.4879492889306,2.276091956058933,22.06104349198919,35,11.802610395532968,10.258433096456221,2103.02,1526900.0,3211100.0,3271.4801400560245,-1168.4601400560246,-0.35716559172999124
SOJA,GO,2016,33,122,800.7867100300608,24.157478692738636,36.03,28.611909893204974,1767.6515260026538,869.2893959367423,-68.50268590668145,-0.5304899813413267,23.455647691325083,0.7018310014135523,1.6757044403551884,22.115380873277292,6.4965290199276815,0.7959802990948603,6.318213481158123,10,5.552507291191344,0.765706189966779,3120.0,3285100.0,10249500.0,3340.643114845938,-220.64311484593782,-0.06604809530996948
SOJA,MG,2016,49,122,758.2207851670651,24.00251996105942,38.85,33.212882633431185,1741.9641046296363,831.2983178073905,-73.07753264032544,-0.47454726668900143,23.176468438487376,0.826051522572044,1.564336927438799,30.844484838620854,2.368397794810331,0.2789779571186134,7.215399687265962,13,7.7037340674580586,-0.4883343801920965,3230.99,1469300.0,4747300.0,3281.7247282913013,-50.73472829130151,-0.015459775725222879
SOJA,MS,2016,19,122,702.2497363355251,25.452217332593325,38.16,44.193359893951,1922.669981478237,665.0193409123674,37.23039542315769,0.3046746369656605,25.585061083869626,-0.132843751276301,-0.26229386330647825,42.47897970718357,1.7143801867674284,0.15015629039680856,9.320713527796908,11,7.733752593541299,1.5869609342556092,2980.0,2430000.0,7241400.0,3093.710330532209,-113.7103305322089,-0.03675532560692177
SOJA,MT,2016,38,122,775.566969512691,26.031831223030373,38.37,27.722813173438908,1996.1675661294207,1055.3358720814533,-279.7689025687623,-1.4837728629024596,24.661005898346804,1.3708253246835689,2.689332018311889,16.39386826658195,11.328944906856957,1.645620208965501,4.149150231768072,10,3.446068204386989,0.7030820273810829,2875.0,9140000.0,26277500.0,3348.817058823537,-473.8170588235371,-0.1414878897535216
SOJA,PR,2016,50,121,612.8505595778487,23.003169137089582,34.55,60.255602477559584,1611.0867721400402,586.1378407235283,26.71271885432043,0.20141737441570304,23.118825966249158,-0.11565682915957609,-0.22466787532015048,54.161314439260074,6.09428803829951,0.5651239626718509,12.818680368385747,24,10.877422109044625,1.9412582593411223,3093.69,5444800.0,16844500.0,3235.065969187679,-141.37596918767895,-0.043701108581466815
SOJA,RS,2016,63,121,612.8918579272811,22.344632551044302,37.24,64.06777610259272,1539.593951282765,563.4981353588472,49.39372256843387,0.3036178207857402,22.110004244018956,0.23462830702534632,0.48548555802409665,65.26213277118327,-1.194356668590558,-0.10723532808581068,14.641492623142334,19,11.376981333418046,3.264511289724288,2970.01,5455000.0,16201400.0,2517.741885154057,452.2681148459433,0.17963243869943787
SOJA,BA,2017,6,120,468.5283973919383,25.272059270792607,38.27,58.73444011306981,1858.3375056987156,605.0192030937241,-136.49080570178575,-0.8505677906874918,24.15858191923603,1.1134773515565755,1.459487684056674,44.770880760382276,13.963559352687533,1.0424559821786026,17.6652071344578,26,11.802610395532968,5.862596738924831,3241.98,1580300.0,5123300.0,3342.865792717086,-100.88579271708613,-0.030179432550621787
SOJA,GO,2017,33,121,717.9712432159374,23.74169173890147,37.83,27.9717195033685,1699.4647996797926,869.2893959367423,-151.31815272080485,-1.1718192206772193,23.455647691325083,0.2860440475763859,0.6829639609756699,22.115380873277292,5.856338630091209,0.717541653409358,4.961829336685146,10,5.552507291191344,-0.590677954506198,3388.99,3278500.0,11110800.0,3393.93621288515,-4.946212885150089,-0.0014573676624715834
SOJA,MG,2017,49,121,584.4339041441664,23.6730613241612,39.48,46.386090337739184,1683.6063870889027,831.2983178073905,-246.86441366322413,-1.6030759183298047,23.176468438487376,0.49659288567382376,0.9404238933476506,30.844484838620854,15.54160549911833,1.8306744593277504,8.959314067363882,16,7.7037340674580586,1.255579999905824,3479.98,1456100.0,5067200.0,3339.1290364145534,140.8509635854466,0.04218194686381085
SOJA,MS,2017,19,121,616.4745029006572,25.48383699480472,38.44,43.01159339362674,1909.4791652927247,665.0193409123674,-48.544838011710226,-0.39726628550861,25.585061083869626,-0.10122408906490676,-0.1998622978155087,42.47897970718357,0.5326136864431703,0.04664968481797137,5.91169120877595,8,7.733752593541299,-1.822061384765349,3399.99,2522300.0,8575800.0,3137.683030812317,262.3069691876826,0.08359893800992822
SOJA,MT,2017,38,121,856.2771825547786,24.721325858363837,37.03,16.972485348507288,1822.8713820359842,1055.3358720814533,-199.0586895266747,-1.0557209144143964,24.661005898346804,0.06031996001703277,0.11833776112543366,16.39386826658195,0.5786170819253371,0.08404877692473046,3.0345588772713863,8,3.446068204386989,-0.41150932711560273,3294.0,9322800.0,30709300.0,3387.211210084046,-93.21121008404589,-0.02751857038219151
SOJA,PR,2017,50,120,605.7683240411125,22.786060507573687,37.13,52.2631825617268,1573.1424789071211,586.1378407235283,19.630483317584208,0.14801639735371142,23.118825966249158,-0.33276545867547114,-0.6464098066998005,54.161314439260074,-1.8981318775332738,-0.17601396612108183,7.884159494809227,9,10.877422109044625,-2.993262614235398,3794.99,5249600.0,19922200.0,3272.9477198879613,522.0422801120385,0.15950217503929728
SOJA,RS,2017,63,120,728.7347023333375,21.745516415334624,36.5,58.8614999154792,1449.067948065342,563.4981353588472,165.2365669744903,1.015691139889367,22.110004244018956,-0.36448782868433227,-0.7541868206153342,65.26213277118327,-6.400632855704075,-0.57468089917246,10.62276976200557,22,11.376981333418046,-0.7542115714124762,3382.0,5569600.0,18836400.0,2553.3189299719816,828.6810700280184,0.32455055273377537
SOJA,BA,2018,6,120,525.5062390545721,24.559863435053682,37.11,53.248926881047865,1776.0993560808256,605.0192030937241,-79.51296403915194,-0.49549979433457625,24.15858191923603,0.4012815158176508,0.5259787541764807,44.770880760382276,8.478046120665589,0.6329324545731179,16.0257144098524,17,11.802610395532968,4.223104014319434,3959.98,1599300.0,6333200.0,3414.2514453781478,545.7285546218523,0.15983841944640656
SOJA,GO,2018,33,121,704.7178461910136,23.660044656011006,36.93,36.09705763131191,1691.9198169432896,869.2893959367423,-164.5715497457287,-1.2744545297516523,23.455647691325083,0.20439696468592317,0.4880219036056823,22.115380873277292,13.98167675803462,1.7130900537148595,6.881391972753922,11,5.552507291191344,1.3288846815625774,3609.0,3386700.0,12222600.0,3447.2293109243765,161.77068907562352,0.04692774239386025
SOJA,MG,2018,49,121,713.1307159580015,23.502282507007806,38.0,39.07611642199287,1664.034442413359,831.2983178073905,-118.16760184938903,-0.7673509277443501,23.176468438487376,0.3258140685204296,0.6170111245344642,30.844484838620854,8.231631583372018,0.9696191104020551,7.5551038767954015,13,7.7037340674580586,-0.14863019066265704,3810.01,1508500.0,5747400.0,3396.5333445378055,413.4766554621947,0.12173490247847395
SOJA,MS,2018,19,121,613.0284525871165,25.458511187868837,38.43,46.982509922634335,1912.3174220822839,665.0193409123674,-51.99088832525092,-0.4254670101130644,25.585061083869626,-0.12654989600078892,-0.24986693618762304,42.47897970718357,4.503530215450766,0.39444774039130004,8.487014642816371,23,7.733752593541299,0.7532620492750723,3636.0,2672000.0,9715400.0,3181.6557310924254,454.3442689075746,0.14280120393527773
SOJA,MT,2018,38,121,1068.552697284483,24.63345050896097,33.88,20.548570186642763,1807.0081078075043,1055.3358720814533,13.216825203029657,0.07009630587931663,24.661005898346804,-0.027555389385835127,-0.05405910557531025,16.39386826658195,4.154701920060813,0.6035038124107782,5.477269332041284,7,3.446068204386989,2.031201127654295,3488.0,9518600.0,33200900.0,3425.6053613445547,62.394638655445306,0.01821419342680948
SOJA,PR,2018,50,120,639.4657844791783,22.61881374855596,34.38,58.86836718822194,1549.8309267764455,586.1378407235283,53.32794375565004,0.40209963174579944,23.118825966249158,-0.5000122176931967,-0.9712931212064606,54.161314439260074,4.707052748961864,0.4364854902297984,17.84775687465118,28,10.877422109044625,6.9703347656065535,3668.0,5464800.0,20044900.0,3310.829470588229,357.170529411771,0.10787947026106215
SOJA,RS,2018,63,120,500.8370728969707,22.52578555344591,37.66,72.30005110607568,1546.7149391116338,563.4981353588472,-62.6610624618765,-0.38517071084155213,22.110004244018956,0.41578130942695424,0.8603216874480899,65.26213277118327,7.03791833489241,0.6318995837097438,10.749798578543984,13,11.376981333418046,-0.6271827548740614,3229.0,5692100.0,18379800.0,2588.8959747899207,640.1040252100793,0.24724980510737646
SOJA,BA,2019,6,120,516.9585437770563,25.228698791116667,37.2,55.52230869565479,1854.3725536653335,605.0192030937241,-88.06065931666774,-0.5487663440503965,24.15858191923603,1.0701168718806358,1.4026530425856496,44.770880760382276,10.751427935272517,0.8026528254724552,13.727803003621831,21,11.802610395532968,1.9251926080888637,3420.19,1580000.0,5403900.0,3485.6370980392094,-65.44709803920932,-0.018776222595297015
SOJA,GO,2019,33,121,661.2463507121928,24.019580294816404,40.13,38.02978130929635,1732.015882628232,869.2893959367423,-208.04304522454947,-1.6111010790103861,23.455647691325083,0.5639326034913204,1.3464557220017095,22.115380873277292,15.914400436019054,1.9498949639293441,6.695250461209126,12,5.552507291191344,1.1427431700177815,3480.41,3476000.0,12097900.0,3500.5224089635885,-20.112408963588678,-0.005745544982682578
SOJA,MG,2019,49,121,663.1299537198804,23.919880119966894,38.93,43.059131082249785,1703.7948936383898,831.2983178073905,-168.1683640875101,-1.0920434042849938,23.176468438487376,0.7434116814795182,1.4078375426350653,30.844484838620854,12.21464624362893,1.4387857746874133,8.433700992265289,19,7.7037340674580586,0.72996692480723,3419.81,1575000.0,5386200.0,3453.9376526610577,-34.12765266105771,-0.009880795802658552
SOJA,MS,2019,19,121,571.0531732812458,26.22629986670534,41.86,51.36489520879648,1991.6441964374478,665.0193409123674,-93.9661676311216,-0.7689713655917491,25.585061083869626,0.641238782835714,1.2660964180550696,42.47897970718357,8.885915501612914,0.7782848395008303,9.36691122987327,11,7.733752593541299,1.633158636331972,3419.66,2854000.0,9759700.0,3225.6284313725337,194.03156862746619,0.060153105900329636
SOJA,MT,2019,38,121,706.8640640615182,25.03701355406463,36.18,27.814119572502097,1857.151955971071,1055.3358720814533,-348.4718080199351,-1.8481432620963039,24.661005898346804,0.37600765571782446,0.7376646823224972,16.39386826658195,11.420251305920146,1.6588831965377426,4.718690340175806,9,3.446068204386989,1.2726221357888172,3397.82,9700000.0,32958900.0,3463.999512605049,-66.17951260504879,-0.01910494281659973
SOJA,PR,2019,50,120,581.439241842871,23.822215558322767,39.17,52.045964447779696,1701.481757858301,586.1378407235283,-4.6985988806573005,-0.03542804665955934,23.118825966249158,0.7033895920736093,1.3663615570460306,54.161314439260074,-2.115349991480379,-0.196156624385089,11.282301602013773,16,10.877422109044625,0.4048794929691475,3111.71,5438000.0,16921500.0,3348.7112212885113,-237.00122128851126,-0.07077386063684474
SOJA,RS,2019,63,120,575.4388968568642,22.310023446660203,41.5,66.02348071395411,1516.1802977780903,563.4981353588472,11.940761498016968,0.07339855746906371,22.110004244018956,0.20001920264124706,0.4138734811709251,65.26213277118327,0.7613479427708398,0.06835763434622436,11.972839920040807,16,11.376981333418046,0.5958585866227608,3378.71,5778000.0,19522200.0,2624.4730196078453,754.2369803921547,0.2873860675103661
SOJA,BA,2020,6,121,725.81318019078,24.32983473726504,37.76,41.32377212887058,1775.0785677736299,605.0192030937241,120.79397709705597,0.7527500896454461,24.15858191923603,0.17125281802900716,0.22446920759001646,44.770880760382276,-3.4471086315116963,-0.25734548931087825,10.145293028022978,13,11.802610395532968,-1.6573173675099895,3779.01,1620000.0,6122000.0,3557.022750700271,221.98724929972923,0.06240816122304155
SOJA,GO,2020,33,122,769.103592927188,24.134860536186995,38.02,26.402593293166152,1767.5612748555543,869.2893959367423,-100.18580300955432,-0.7758464367602341,23.455647691325083,0.6792128448619117,1.621700919151514,22.115380873277292,4.28721241988886,0.52528613568855,6.234235527883727,12,5.552507291191344,0.6817282366923827,3711.99,3545000.0,13159000.0,3553.8155070028006,158.1744929971992,0.044508358040960774
SOJA,MG,2020,49,122,853.867343051403,23.636312867836793,37.96,30.879226429354368,1701.0007068978314,831.2983178073905,22.56902524401255,0.14655761975564058,23.176468438487376,0.45984442934941683,0.8708314215903845,30.844484838620854,0.034741590733514016,0.00409227623464447,6.846233085760624,12,7.7037340674580586,-0.8575009816974344,3747.42,1647000.0,6172000.0,3511.341960784295,236.07803921570485,0.06723299577548816
SOJA,MS,2020,19,122,491.53987307164726,26.706690569547366,40.24,58.15822133542506,2069.816734680116,665.0193409123674,-173.47946784072013,-1.419667808644631,25.585061083869626,1.1216294856777402,2.21460571664357,42.47897970718357,15.679241628241492,1.373287429068583,14.042106770928513,21,7.733752593541299,6.308354177387214,3767.57,3016000.0,11363000.0,3269.6011316526565,497.9688683473437,0.1523026351827936
SOJA,MT,2020,38,122,658.0875132806756,26.069815739265053,39.39,24.444340832097605,2012.458099091453,1055.3358720814533,-397.24835880077774,-2.1068329224913147,24.661005898346804,1.4088098409182486,2.763851341722837,16.39386826658195,8.050472565515655,1.1693957781996458,4.123915605578887,9,3.446068204386989,0.6778474011918978,3587.07,10004000.0,35885000.0,3502.3936638655578,84.67633613444241,0.024176704351670728
SOJA,PR,2020,50,121,357.9203329484211,23.75959674866544,38.17,75.59041746045455,1717.7569963791054,586.1378407235283,-228.21750777510715,-1.7207896905755375,23.118825966249158,0.6407707824162827,1.2447220911967833,54.161314439260074,21.42910302119447,1.9871229485273616,15.585851297173761,18,10.877422109044625,4.708429188129136,3924.77,5503000.0,21598000.0,3386.5929719887936,538.1770280112064,0.15891399777374465
SOJA,RS,2020,63,121,279.59280062950523,22.8803312823145,41.7,89.6534568601543,1617.4041955389307,563.4981353588472,-283.905334729342,-1.7451351013388914,22.110004244018956,0.7703270382955445,1.5939366259313361,65.26213277118327,24.391324088971018,2.1899753314182,17.029658584134374,25,11.376981333418046,5.652677250716328,1939.0,5902000.0,11444000.0,2660.05006442577,-721.05006442577,-0.2710663509941962
SOJA,BA,2021,6,120,465.86665327318167,25.513746545464812,38.46,54.12007967564712,1885.7088143820065,605.0192030937241,-139.1525498205424,-0.867154943227369,24.15858191923603,1.355164626228781,1.7762786814525324,44.770880760382276,9.349198915264843,0.6979687693968747,11.159907738349688,13,11.802610395532968,-0.6427026571832801,4019.99,1701000.0,6838000.0,3628.4084033613326,391.5815966386672,0.10792103674875977
SOJA,GO,2021,33,121,572.6897914747292,24.618002726792664,40.48,36.87046375444482,1813.984142165723,869.2893959367423,-296.5996044620131,-2.296889772340323,23.455647691325083,1.1623550354675807,2.775259984639126,22.115380873277292,14.755082881167528,1.8078508152422483,9.218112709733168,15,5.552507291191344,3.6656054185418236,3671.99,4299000.0,15785900.0,3607.1086050420126,64.88139495798714,0.017987092173298025
SOJA,MG,2021,49,121,565.7445055082109,24.2768781133332,39.24,44.58399894818521,1758.3691134817989,831.2983178073905,-265.55381229917964,-1.7244402107232752,23.176468438487376,1.1004096748458245,2.083903294932929,30.844484838620854,13.739514109564357,1.6184027811914043,12.522981588333112,21,7.7037340674580586,4.819247520875053,3696.99,1899300.0,7021700.0,3568.7462689075473,128.24373109245244,0.03593523367289151
SOJA,MS,2021,19,121,389.7398699468689,26.871494576204324,41.81,58.506485124587066,2079.0749162908605,665.0193409123674,-275.2794709654985,-2.252747303036806,25.585061083869626,1.286433492334698,2.540003630953685,42.47897970718357,16.027505417403496,1.403790580623727,9.294960774103084,14,7.733752593541299,1.5612081805617848,3630.0,3360000.0,12196800.0,3313.5738319327647,316.42616806723527,0.09549392411837945
SOJA,MT,2021,38,121,803.0837944390569,25.602012902549625,41.66,24.654772568839178,1934.498363084186,1055.3358720814533,-252.25207764239644,-1.3378355634953367,24.661005898346804,0.9410070042028202,1.846099732978422,16.39386826658195,8.260904302257227,1.1999626775390577,4.759073609597555,11,3.446068204386989,1.3130054052105664,3485.0,10479700.0,36521800.0,3540.7878151260666,-55.78781512606656,-0.01575576341732307
SOJA,PR,2021,50,120,457.74349187950435,22.974592636985534,37.63,61.10824981031607,1609.4729066136279,586.1378407235283,-128.3943488440239,-0.968110089242919,23.118825966249158,-0.1442333292636242,-0.28017883484684064,54.161314439260074,6.946935371055993,0.6441900383841795,16.618339319423907,32,10.877422109044625,5.740917210379282,3534.99,5623800.0,19880100.0,3424.474722689076,110.51527731092392,0.03227218369541404
SOJA,RS,2021,63,120,393.82602151449737,22.355388505315467,39.88,66.30534679757767,1542.1283532236696,563.4981353588472,-169.67211384434984,-1.042955962311972,22.110004244018956,0.24538426129651114,0.507741442352896,65.26213277118327,1.043214026394395,0.09366498410909185,12.31534886258614,25,11.376981333418046,0.9383675291680937,3433.0,6055200.0,20787500.0,2695.6271092436946,737.3728907563054,0.27354409971162086
SOJA,BA,2022,6,120,508.46270317930714,23.6209270385168,34.68,54.182224568054416,1665.270486115352,605.0192030937241,-96.55649991441692,-0.6017097517041625,24.15858191923603,-0.5376548807192307,-0.704729804863756,44.770880760382276,9.41134380767214,0.7026082250840353,14.107869065121852,19,11.802610395532968,2.305258669588884,3845.02,1893200.0,7279400.0,3699.794056022394,145.22594397760577,0.03925243994086971
SOJA,GO,2022,33,121,810.4279529671089,23.414439811316697,35.04,26.550588862762353,1661.566819832248,869.2893959367423,-58.861442969633345,-0.4558274667539536,23.455647691325083,-0.041207880008386155,-0.09838868241585073,22.115380873277292,4.435207989485061,0.5434191352319292,5.695668621845179,14,5.552507291191344,0.14316133065383507,4024.99,4393600.0,17684200.0,3660.4017030812392,364.58829691876053,0.09960335681514375
SOJA,MG,2022,49,121,820.6645526126241,23.146182504380718,36.27,34.893879861962425,1618.0628289654285,831.2983178073905,-10.633765194766397,-0.06905301842394768,23.176468438487376,-0.03028593410665792,-0.057354055782750726,30.844484838620854,4.049395023341571,0.476985730038049,8.54534048536909,19,7.7037340674580586,0.8416064179110316,3840.99,1982900.0,7616300.0,3626.1505770307995,214.8394229692003,0.05924724260764628
SOJA,MS,2022,19,121,540.6793501935724,26.77313384938948,42.74,58.94894644318881,2048.254564671919,665.0193409123674,-124.33999071879498,-1.0175352988327029,25.585061083869626,1.1880727655198555,2.3457949099108855,42.47897970718357,16.46996673600524,1.4425441492651099,9.447387393337973,15,7.733752593541299,1.713634799796674,2668.01,3660300.0,9765700.0,3357.546532212873,-689.5365322128728,-0.20536916632348706
SOJA,MT,2022,38,121,1041.2097862779308,24.46013552414163,34.55,14.796783052457487,1785.0599980892985,1055.3358720814533,-14.126085803522528,-0.07491862956122092,24.661005898346804,-0.20087037420517362,-0.39407437195177397,16.39386826658195,-1.5970852141244638,-0.23198945051030043,3.1879643932617423,6,3.446068204386989,-0.2581038111252467,3859.0,11108500.0,42867700.0,3579.181966386561,279.8180336134392,0.07817932595808628
SOJA,PR,2022,50,120,592.0932065956067,23.84567928951603,41.59,51.42933809675585,1706.1061789467392,586.1378407235283,5.95536587207846,0.044904233229891594,23.118825966249158,0.726853323266873,1.4119407647121889,54.161314439260074,-2.7319763425042254,-0.25333644995101573,8.538086868762125,15,10.877422109044625,-2.3393352402825,2324.0,5668800.0,13174300.0,3462.356473389358,-1138.3564733893581,-0.3287808410654499
SOJA,RS,2022,63,120,590.5923869682017,23.116172539325472,44.76,68.30913326172194,1603.6912639365848,563.4981353588472,27.0942516093545,0.1665454070212141,22.110004244018956,1.0061682953065159,2.0819319821468456,65.26213277118327,3.0470004905386645,0.27357497628085237,10.04299092488832,18,11.376981333418046,-1.3339904085297256,1641.0,6358000.0,10433500.0,2731.204154061619,-1090.2041540616192,-0.399166115956714
SOJA,BA,2023,6,120,347.35371877275657,24.90395297456492,36.18,58.728761970568456,1810.9298810268806,605.0192030937241,-257.6654843209675,-1.6056902925325798,24.15858191923603,0.7453710553288886,0.9769932668896002,44.770880760382276,13.95788121018618,1.0420320778237964,9.086054444174588,10,11.802610395532968,-2.71655595135838,4071.0,1919700.0,7815100.0,3771.179708683485,299.82029131651507,0.07950305063058956
SOJA,GO,2023,33,121,684.7568577459585,23.435638280529492,36.01,20.102732186102955,1672.951293314478,869.2893959367423,-184.53253819078373,-1.4290339341591936,23.455647691325083,-0.020009410795591265,-0.04777483247609625,22.115380873277292,-2.0126486871743374,-0.24659763684204103,6.320737235924426,14,5.552507291191344,0.7682299447330818,3942.01,4547400.0,17925900.0,3713.6948011204513,228.31519887954892,0.06147925747981886
SOJA,MG,2023,49,121,724.5766217699504,23.227664815983054,38.08,27.77568731867305,1634.9831269396698,831.2983178073905,-106.7216960374401,-0.6930240707529736,23.176468438487376,0.05119637749567829,0.09695325494736481,30.844484838620854,-3.068797519947804,-0.3614793362844973,7.988801692235793,20,7.7037340674580586,0.2850676247777342,3866.99,2171300.0,8396400.0,3683.5548851540516,183.4351148459482,0.04979839328178672
SOJA,MS,2023,19,121,736.9405703619037,25.0186738342921,38.91,38.324210836233625,1850.919330938979,665.0193409123674,71.92122944953633,0.58856679397586,25.585061083869626,-0.5663872495775273,-1.1183055160060271,42.47897970718357,-4.154768870949944,-0.3639010097837845,5.473158928406391,15,7.733752593541299,-2.260593665134908,3809.99,3887200.0,14810200.0,3401.5192324929812,408.47076750701854,0.12008480316827413
SOJA,MT,2023,38,121,979.886288698383,24.37056759280283,36.23,12.347646369529715,1777.084581094316,1055.3358720814533,-75.44958338307026,-0.4001518514502541,24.661005898346804,-0.29043830554397587,-0.5697918037981723,16.39386826658195,-4.046221897052236,-0.5877462180717056,2.520940169415603,9,3.446068204386989,-0.9251280349713862,3881.0,12086000.0,46905800.0,3617.5761176470696,263.4238823529304,0.07281778566259044
SOJA,PR,2023,50,120,576.3060829443507,22.64083521791042,37.71,48.61380374776539,1560.5996588675628,586.1378407235283,-9.831757779177565,-0.0741327323726474,23.118825966249158,-0.4779907483387369,-0.9285155630869308,54.161314439260074,-5.547510691494686,-0.5144212425208418,6.675892225190522,12,10.877422109044625,-4.201529883854103,3953.01,5450000.0,21543900.0,3500.2382240896404,452.7717759103598,0.12935456015372182
SOJA,RS,2023,63,120,262.170035349172,23.714495551690348,42.54,77.15792073258329,1698.5268172240164,563.4981353588472,-301.3281000096752,-1.8522309376396935,22.110004244018956,1.6044913076713918,3.3199632547555713,65.26213277118327,11.895787961400018,1.068063467494464,9.931593184236961,31,11.376981333418046,-1.4453881491810847,2175.0,7035000.0,15301100.0,2766.7811988795584,-591.7811988795584,-0.21388796451241152
SOJA,BA,2024,6,121,548.521579622738,26.045302538463794,38.04,58.83381642915908,1972.151154359966,605.0192030937241,-56.497623470986014,-0.352075427555203,24.15858191923603,1.8867206192277628,2.473014384324268,44.770880760382276,14.062935668776802,1.0498749670217609,10.601476677951888,18,11.802610395532968,-1.2011337175810795,3827.0,1979200.0,7574400.0,3842.5653613445465,-15.565361344546545,-0.004050773345622439
SOJA,GO,2024,33,122,519.1730644370784,26.29690804147428,41.92,38.22671635503515,2032.7122651661803,869.2893959367423,-350.11633149966383,-2.711327354632015,23.455647691325083,2.841260350149195,6.78384479363383,22.115380873277292,16.11133548175786,1.974024220664532,5.933610925635125,8,5.552507291191344,0.3811036344437806,3487.0,4833900.0,16855800.0,3766.9878991596634,-279.98789915966336,-0.07432673176946569
SOJA,MG,2024,49,122,541.6762777932678,25.81902496806612,40.21,36.53816203770222,1965.2964132547622,831.2983178073905,-289.6220400141227,-1.8807332773267873,23.176468438487376,2.6425565295787443,5.004347367090551,30.844484838620854,5.6936771990813675,0.6706687689766885,6.485902663026418,13,7.7037340674580586,-1.2178314044316405,3420.99,2251600.0,7702700.0,3740.9591932773037,-319.96919327730393,-0.08553132411930743
SOJA,MS,2024,19,122,375.78873937490647,28.67118010059876,42.22,62.638517174663114,2273.3913393261923,665.0193409123674,-289.2306015374609,-2.366916266163888,25.585061083869626,3.0861190167291355,6.093399740254719,42.47897970718357,20.159537467479545,1.7657001554246572,8.357016900035896,13,7.733752593541299,0.6232643064945975,3049.0,4124300.0,12575000.0,3445.491932773104,-396.49193277310405,-0.11507556555327283
SOJA,MT,2024,38,122,787.1466081748512,26.99014886057055,42.84,30.840207130054353,2098.0376660549587,1055.3358720814533,-268.18926390660215,-1.4223594840337825,24.661005898346804,2.329142962223745,4.569392343973522,16.39386826658195,14.446338863472402,2.0984467110352822,4.714887384342423,7,3.446068204386989,1.2688191799554338,3266.0,12376100.0,40420300.0,3655.9702689075784,-389.97026890757843,-0.10666669590398596
SOJA,PR,2024,50,121,426.6209164248766,25.247240209754302,41.19,60.618952532664004,1887.293487948632,586.1378407235283,-159.51692429865165,-1.202778355970544,23.118825966249158,2.1284142435051443,4.134527198819142,54.161314439260074,6.457638093403929,0.5988174510149028,12.210695644850981,17,10.877422109044625,1.3332735358063559,3306.99,5542800.0,18330000.0,3538.1199747899227,-231.12997478992293,-0.06532564651192936
SOJA,RS,2024,63,121,613.5141467954331,23.182491385147305,41.67,64.91893221892998,1635.263968464477,563.4981353588472,50.01601143658593,0.30744296252891984,22.110004244018956,1.0724871411283488,2.219156864683497,65.26213277118327,-0.34320055225329327,-0.030814265778366053,10.720845883931863,17,11.376981333418046,-0.6561354494861824,3117.01,6980000.0,21756700.0,2802.358243697483,314.65175630251724,0.11228106078520494
SOJA,BA,2025,6,120,406.930590681442,26.5431680262606,39.1,55.84187444450696,2004.7979310453306,605.0192030937241,-198.08861241228203,-1.234425956778283,24.15858191923603,2.3845861070245675,3.125590340845091,44.770880760382276,11.070993684124687,0.8265101542649319,15.422205796168818,23,11.802610395532968,3.61959540063585,4142.02,2135600.0,8845700.0,3913.951014005608,228.06898599439228,0.05827078192299151
SOJA,GO,2025,33,121,454.8206078297664,25.06733975736442,39.34,38.34188517238484,1871.6602186391858,869.2893959367423,-414.46878810697586,-3.2096776463473917,23.455647691325083,1.6116920660393355,3.8481052363145034,22.115380873277292,16.22650429910755,1.9881351573507546,11.056030530632476,23,5.552507291191344,5.503523239441132,4183.0,4954700.0,20725500.0,3820.2809971988754,362.7190028011246,0.0949456343831983
SOJA,MG,2025,49,121,450.250453630425,25.100958963589914,40.21,50.558145610996206,1861.4396109585432,831.2983178073905,-381.0478641769655,-2.474429771908834,23.176468438487376,1.924490525102538,3.6445082572454437,30.844484838620854,19.713660772375352,2.322108567090206,19.53074519369925,45,7.7037340674580586,11.827011126241192,3965.0,2316900.0,9186500.0,3798.3635014005413,166.63649859945872,0.04387060336326845
SOJA,MS,2025,19,121,424.379327451988,27.652722044500628,42.47,56.41156433373897,2162.598827751696,665.0193409123674,-240.6400134603794,-1.9692755853688537,25.585061083869626,2.0676609606310024,4.082501255507988,42.47897970718357,13.932584626555403,1.220304130502047,11.439966263077844,24,7.733752593541299,3.7062136695365453,3339.0,4253400.0,14202100.0,3489.4646330532123,-150.4646330532123,-0.04311968994554868
SOJA,MT,2025,38,121,696.9066776452223,25.338179627698956,39.54,22.533533395612466,1899.2145861959998,1055.3358720814533,-358.429194436231,-1.9009529189748129,24.661005898346804,0.6771737293521518,1.3285025885605017,16.39386826658195,6.139665129030515,0.8918356559840023,3.6090137126020054,8,3.446068204386989,0.1629455082150164,4028.0,12738700.0,51311500.0,3694.3644201680727,333.6355798319273,0.09030933115600674
SOJA,PR,2025,50,120,328.05822617369137,24.772783688372996,38.91,58.42238485656365,1823.454267918371,586.1378407235283,-258.0796145498369,-1.9459538595202737,23.118825966249158,1.6539577221238382,3.2128770086392406,54.161314439260074,4.2610704173035785,0.39512950230070015,8.57600635490557,11,10.877422109044625,-2.3014157541390556,3739.0,5343300.0,19978600.0,3576.0017254901904,162.99827450980956,0.045581150967556126
SOJA,RS,2025,63,120,311.00562616438344,23.616853853749394,43.34,77.55036489168002,1683.34463714883,563.4981353588472,-252.49250919446376,-1.552043891815082,22.110004244018956,1.5068496097304376,3.117926105818706,65.26213277118327,12.288232120496744,1.1032990711150812,14.723442610034992,22,11.376981333418046,3.346461276616946,2342.01,7098700.0,16625200.0,2837.9352885154076,-495.9252885154074,-0.17474862465057753
SOJA,BA,2026,6,120,437.6882977568342,25.436447527571264,35.89,53.03711684620309,1882.363563928602,605.0192030937241,-167.33090533688988,-1.0427535959975227,24.15858191923603,1.277865608335233,1.6749591849691974,44.770880760382276,8.266236085820815,0.6171196784511833,9.575537518042575,11,11.802610395532968,-2.227072877490393,4259.99,2218900.0,9452500.0,3985.3366666666698,274.65333333333,0.06891596778523851
SOJA,GO,2026,33,121,547.4262311054716,24.753798336118788,40.96,34.75844523650311,1837.3785014215882,869.2893959367423,-321.86316483127064,-2.49253269482602,23.455647691325083,1.2981506447937043,3.0994880467654933,22.115380873277292,12.643064363225815,1.5490779957184093,6.742233590733487,9,5.552507291191344,1.1897262995421425,3909.99,5152900.0,20147800.0,3873.574095238102,36.415904761897764,0.009401112220020498
SOJA,MG,2026,49,121,674.7227444247394,23.97953052193343,40.13,35.05040399127539,1727.2343622139101,831.2983178073905,-156.5755733826511,-1.0167627134416801,23.176468438487376,0.8030620834460542,1.520800625424713,30.844484838620854,4.205919152654534,0.4954229967553139,6.993153975962764,10,7.7037340674580586,-0.7105800914952942,3910.01,2342400.0,9158800.0,3855.7678095237934,54.242190476206815,0.014067805209179853
SOJA,MS,2026,19,121,512.0873477160432,26.872540635034852,40.27,56.04745500628651,2074.8275015363074,665.0193409123674,-152.93199319632424,-1.2515177176588002,25.585061083869626,1.2874795511652266,2.5420690258952545,42.47897970718357,13.568475299102943,1.1884131262014035,8.58677893253484,15,7.733752593541299,0.8530263389935406,3603.0,4372500.0,15754100.0,3533.4373333333206,69.56266666667943,0.0196869677043505
SOJA,MT,2026,38,121,818.1760048241528,25.184430423192126,41.83,23.587075792088218,1882.0254471492933,1055.3358720814533,-237.15986725730056,-1.257793028370776,24.661005898346804,0.5234245248453213,1.0268721393523599,16.39386826658195,7.193207525506267,1.0448711480705675,3.254573216037515,6,3.446068204386989,-0.19149498834947387,3969.0,13006200.0,51621600.0,3732.7585714285815,236.2414285714185,0.0632886976349519
SOJA,PR,2026,50,120,338.7809123453292,25.01588878893468,40.01,70.32777173259527,1848.4861427384199,586.1378407235283,-247.35692837819903,-1.8651034111943985,23.118825966249158,1.8970628226855233,3.6851180930574112,54.161314439260074,16.166457293335192,1.4991172636671213,12.734053108990834,17,10.877422109044625,1.8566309999462085,3778.0,5738700.0,21680800.0,3613.8834761904727,164.11652380952728,0.04541278790276009
SOJA,RS,2026,63,120,285.21161111092636,23.62063632060821,41.82,74.68650114885182,1693.9569166345289,563.4981353588472,-278.28652424792085,-1.7105968866616401,22.110004244018956,1.5106320765892534,3.125752667996736,65.26213277118327,9.424368377668543,0.8461670299655536,10.274958436869337,20,11.376981333418046,-1.1020228965487089,2769.01,6729600.0,18634300.0,2873.512333333332,-104.50233333333199,-0.03636745599491031
MILHO 2A SAFRA,BA,1992,6,153,128.5271457348446,22.514608264169418,32.25,125.08461186416005,1971.5404657444374,286.92541012390734,-158.39826438906275,-1.257793843443171,23.58800028104237,-1.0733920168729512,-1.068765060300455,112.83609988093444,12.248511983225612,0.9419608859650493,87.9456663483792,93,69.05260164010203,18.89306470827718,300.0,295000.0,88500.0,111.80043211468728,188.19956788531272,1.6833527771364387
MILHO 2A SAFRA,GO,1992,33,182,623.0531981973279,21.242611643622897,33.61,96.01943848493049,2135.8424552713927,543.0513014755227,80.00189672180522,0.8751659145145608,21.700579946411505,-0.4579683027886077,-0.8689449724875848,112.04341770896173,-16.023979224031237,-1.6179943691791165,66.84477173777678,86,49.7287022785315,17.11606945924528,2783.33,12000.0,33400.0,2323.3779047619028,459.9520952380972,0.19796697484959191
MILHO 2A SAFRA,MS,1992,19,184,838.469880947158,20.41151751226163,37.51,107.28406278649227,2014.192734636427,470.74865403218394,367.72122691497407,3.0767799725437723,21.33654202042826,-0.9250245081666328,-1.3156161954459737,130.5071737667827,-23.22311098029043,-2.0035923293006066,28.79876496398249,89,32.90905817671884,-4.110293212736348,1600.0,61000.0,97600.0,1450.0606190476392,149.9393809523608,0.10340214676737926
MILHO 2A SAFRA,MT,1992,38,153,489.19776673587415,23.519922068700758,36.29,100.2335547427803,2118.013153102235,409.02558510127227,80.17218163460188,0.972709102295386,23.92990926373284,-0.40998719503208036,-0.49489275635979996,101.32398142366911,-1.090426680888811,-0.1464026940623003,60.00888931896243,88,49.810345129437174,10.198544189525258,1500.0,35000.0,52500.0,1186.920999999973,313.079000000027,0.2637740843746417
MILHO 2A SAFRA,PR,1992,50,153,918.4807124831651,16.824550475814895,32.24,81.37751540869297,1125.6116852556984,516.6276180966289,401.8530943865362,2.842431371978215,17.438139715889985,-0.6135892400750897,-0.9377645311019775,107.35853948475696,-25.98102407606399,-2.929857759791741,11.734537502187028,26,21.716537867225618,-9.98200036503859,2165.0,300000.0,649500.0,1592.7099047619267,572.2900952380733,0.35931847571677994
MILHO 2A SAFRA,BA,1993,6,153,140.25517465532153,23.090879599361198,34.18,123.6504953160887,2068.2679080449907,286.92541012390734,-146.67023546858582,-1.1646650290032199,23.58800028104237,-0.49712068168117085,-0.4949777965383045,112.83609988093444,10.814395435154253,0.8316714323523596,72.91356613368033,87,69.05260164010203,3.860964493578308,150.0,90000.0,13500.0,197.05235728237312,-47.05235728237312,-0.23878099166785297
MILHO 2A SAFRA,GO,1993,33,181,571.2161400160659,21.195490335543287,35.7,104.60469841762684,2110.348671487931,543.0513014755227,28.1648385405432,0.3081040286357506,21.700579946411505,-0.5050896108682181,-0.9583525221007209,112.04341770896173,-7.438719291334891,-0.7511121775066812,52.23279042931419,56,49.7287022785315,2.5040881507826924,1575.96,44100.0,69500.0,2448.056448179268,-872.096448179268,-0.3562403345837414
MILHO 2A SAFRA,MS,1993,19,184,479.0535913287348,20.876587697636538,39.08,121.23296461959816,2119.7140799262525,470.74865403218394,8.304937296550861,0.06948868565906273,21.33654202042826,-0.45995432279172377,-0.6541700796982244,130.5071737667827,-9.274209147184536,-0.8001397540320446,23.292588494186766,74,32.90905817671884,-9.61646968253207,1300.22,137900.0,179300.0,1572.893624649878,-272.67362464987787,-0.17335795655639097
MILHO 2A SAFRA,MT,1993,38,153,341.69380343642865,23.571173094861738,37.41,103.33689708755666,2127.7138023240955,409.02558510127227,-67.33178166484362,-0.8169197290608842,23.92990926373284,-0.3587361688711006,-0.4330279910441641,101.32398142366911,2.0129156638875543,0.27025776356933384,49.51739364747539,88,49.810345129437174,-0.29295148196178644,1340.47,93400.0,125200.0,1368.5076302520465,-28.037630252046483,-0.020487741268116
MILHO 2A SAFRA,PR,1993,50,153,550.619715717068,16.865115325492095,34.49,103.78135888458648,1148.8903529953116,516.6276180966289,33.99209762043904,0.2404366322553298,17.438139715889985,-0.5730243903978902,-0.8757682072549265,107.35853948475696,-3.577180600170479,-0.4033955824413263,15.059697907914785,29,21.716537867225618,-6.656839959310833,2054.0,550000.0,1129700.0,1721.135540616262,332.864459383738,0.19339816738927723
MILHO 2A SAFRA,BA,1994,6,153,369.4581645088324,22.72281309172658,32.69,108.29746495951396,2006.0584526187586,286.92541012390734,82.53275438492506,0.6553682311365909,23.58800028104237,-0.8651871893157903,-0.8614577191044258,112.83609988093444,-4.538634921420481,-0.34903966926824054,43.85024858657742,64,69.05260164010203,-25.202353053524604,831.66,109300.0,90900.0,282.30428245005896,549.355717549941,1.94597018784908
MILHO 2A SAFRA,GO,1994,33,181,594.964750822281,21.27221434812368,34.87,99.3827892760752,2119.9739510495833,543.0513014755227,51.913449346758284,0.5678975528686173,21.700579946411505,-0.42836559828782583,-0.8127770650333795,112.04341770896173,-12.660628432886526,-1.2783856761345667,26.796425465199043,38,49.7287022785315,-22.932276813332457,2394.81,135000.0,323300.0,2572.7349915966333,-177.9249915966334,-0.06915791644992303
MILHO 2A SAFRA,MS,1994,19,184,520.7099385664807,21.293496769029183,40.03,127.20614859367578,2198.1246303887665,470.74865403218394,49.96128453429674,0.41803373970909985,21.33654202042826,-0.043045251399078666,-0.06122111293019915,130.5071737667827,-3.301025173106922,-0.2847985664486767,23.114497995966296,40,32.90905817671884,-9.79456018075254,984.85,264000.0,260000.0,1695.7266302521166,-710.8766302521166,-0.41921652792963754
MILHO 2A SAFRA,MT,1994,38,153,597.3526115294777,23.07296593127799,35.71,86.03693842408833,2040.5180241341002,409.02558510127227,188.32702642820544,2.2849248839185443,23.92990926373284,-0.856943332454847,-1.0344104717942408,101.32398142366911,-15.287042999580777,-2.0524665423268984,21.00160996900614,36,49.810345129437174,-28.808735160431034,1800.0,170000.0,306000.0,1550.0942605041782,249.90573949582176,0.16121970506138014
MILHO 2A SAFRA,PR,1994,50,153,586.0073221685849,17.82689382114279,37.75,105.46674674046561,1304.6433672518713,516.6276180966289,69.37970407195598,0.4907441305976407,17.438139715889985,0.3887541052528043,0.5941430967429462,107.35853948475696,-1.891792744291351,-0.21333584217283166,25.48988653742303,39,21.716537867225618,3.773348670197411,1020.0,700000.0,714000.0,1849.5611764705973,-829.5611764705973,-0.44851783602724477
MILHO 2A SAFRA,BA,1995,6,153,469.918055819655,22.648233295724296,32.43,78.24727364165372,1994.0057028975432,286.92541012390734,182.99264569574768,1.4530905628242587,23.58800028104237,-0.939766985318073,-0.9357160319282762,112.83609988093444,-34.58882623928072,-2.6600228218304616,53.035449716354414,67,69.05260164010203,-16.017151923747612,829.91,214000.0,177600.0,367.5562076177448,462.35379238225516,1.2579131648433455
MILHO 2A SAFRA,GO,1995,33,181,640.9099280882214,21.467646051203186,34.05,99.10628089453992,2165.9096235131615,543.0513014755227,97.85862661269869,1.0705062999999944,21.700579946411505,-0.2329338952083191,-0.44196669492352875,112.04341770896173,-12.937136814421805,-1.3063056452071653,45.27726376672904,79,49.7287022785315,-4.451438511802458,2500.58,86500.0,216300.0,2697.4135350139986,-196.8335350139987,-0.07297121203663613
MILHO 2A SAFRA,MS,1995,19,184,332.2068060913698,21.717427352332695,39.15,137.2078356240277,2263.0124000746223,470.74865403218394,-138.54184794081414,-1.1592009160843568,21.33654202042826,0.38088533190443385,0.5417141998263908,130.5071737667827,6.700661857244995,0.578104919268027,34.94460268318709,54,32.90905817671884,2.0355445064682556,1700.0,210000.0,357000.0,1818.5596358543553,-118.55963585435529,-0.06519425237251361
MILHO 2A SAFRA,MT,1995,38,153,546.5756350859242,23.045642476701463,35.49,87.85148833921828,2037.894737046362,409.02558510127227,137.55004998465193,1.668860481445481,23.92990926373284,-0.8842667870313754,-1.0673924280906852,101.32398142366911,-13.472493084450832,-1.808841729451808,46.38830803004039,80,49.810345129437174,-3.422037099396782,2140.0,185000.0,395900.0,1731.6808907562518,408.31910924374824,0.23579350642682728
MILHO 2A SAFRA,PR,1995,50,153,378.7099651610672,18.082238332240497,37.51,111.11291388450951,1329.8764735454279,516.6276180966289,-137.9176529355617,-0.9755342659538279,17.438139715889985,0.6440986163505116,0.9843928111768261,107.35853948475696,3.7543743997525496,0.4233775749591194,22.424022516260983,27,21.716537867225618,0.707484649035365,2400.0,600000.0,1440000.0,1977.9868123249325,422.01318767506746,0.21335490461588655
MILHO 2A SAFRA,BA,1996,6,153,281.5259040688671,23.224344383801604,34.67,97.9023471514407,2086.8978526815176,286.92541012390734,-5.399506055040263,-0.042875883140880616,23.58800028104237,-0.36365589724076486,-0.36208832452043943,112.83609988093444,-14.933752729493747,-1.1484669297888375,67.5449545414228,70,69.05260164010203,-1.5076470986792287,1119.16,214000.0,239500.0,452.80813278543064,666.3518672145694,1.4715987169124665
MILHO 2A SAFRA,GO,1996,33,182,573.2802338722256,21.664016378520596,35.65,107.24951414232362,2215.350086281573,543.0513014755227,30.22893239670293,0.33068380063230074,21.700579946411505,-0.036563567890908644,-0.0693753875575074,112.04341770896173,-4.793903566638107,-0.48405635508910727,42.6905688479219,70,49.7287022785315,-7.038133430609598,2500.0,129800.00000000001,324500.0,2822.092078431364,-322.0920784313639,-0.1141323774986095
MILHO 2A SAFRA,MS,1996,19,184,490.086898640134,20.8970110605782,37.81,117.51223852405617,2118.824900249886,470.74865403218394,19.33824460795006,0.16180606219844645,21.33654202042826,-0.4395309598500603,-0.6251229497959284,130.5071737667827,-12.994935242726527,-1.121148350631504,29.75578190547328,45,32.90905817671884,-3.1532762712455558,1800.0,183000.0,329400.0,1941.392641456594,-141.392641456594,-0.07283052301594668
MILHO 2A SAFRA,MT,1996,38,153,495.05400507337527,23.029038028277718,35.71,90.92487846638194,2044.4059278411862,409.02558510127227,86.028419972103,1.0437613827741796,23.92990926373284,-0.9008712354551207,-1.0874355449192936,101.32398142366911,-10.39910295728717,-1.3962027117101679,49.09926278159849,67,49.810345129437174,-0.7110823478386834,1850.16,251600.0,465500.0,1913.2675210083835,-63.1075210083834,-0.03298415946303354
MILHO 2A SAFRA,PR,1996,50,153,306.00169736283306,17.068995412944588,34.71,111.7561874066556,1188.2414752784364,516.6276180966289,-210.62592073379585,-1.4898223584902093,17.438139715889985,-0.36914430294539713,-0.5641729214778817,107.35853948475696,4.397647921898638,0.4959189772922412,17.76385775936784,27,21.716537867225618,-3.952680107857777,2400.0,570000.0,1368000.0,2106.412448179268,293.5875518207322,0.13937799886935828
MILHO 2A SAFRA,BA,1997,6,153,550.5331725788113,21.35630385393096,30.4,96.65675860962908,1807.055043453972,286.92541012390734,263.607762454904,2.093231399841666,23.58800028104237,-2.231696427111409,-2.222076491161707,112.83609988093444,-16.17934127130536,-1.2442578052845399,51.55630096545417,53,69.05260164010203,-17.496300674647856,760.0,310000.0,235600.0,538.0600579531165,221.93994204688352,0.4124817272093854
MILHO 2A SAFRA,GO,1997,33,181,667.3953754067805,20.66398129236461,34.4,101.33490550057498,2019.5509803229575,543.0513014755227,124.34407393125787,1.360238939770726,21.700579946411505,-1.0365986540468946,-1.9668330393975315,112.04341770896173,-10.70851220838675,-1.0812740214659813,36.92508749734377,48,49.7287022785315,-12.803614781187733,3100.14,207700.0,643900.0,2946.770621848729,153.36937815127067,0.05204659535225399
MILHO 2A SAFRA,MG,1997,49,153,394.7538519109457,19.352377274132525,31.8,104.40557920039616,1505.6745299679972,293.5412547132784,101.21259719766726,1.414253880833284,20.649671437923917,-1.297294163791392,-1.9088205619161338,111.31699015986923,-6.9114109594730735,-0.9203536450425938,42.578916246860736,47,47.04983821678689,-4.470921969926152,1620.25,7900.0,12800.0,2713.525268817233,-1093.2752688172332,-0.4028985030582627
MILHO 2A SAFRA,MS,1997,19,184,572.8007937711333,20.33508809456124,36.89,122.57707709163539,2006.111146339047,470.74865403218394,102.05213973894934,0.8538859242320547,21.33654202042826,-1.0014539258670219,-1.4243179420996135,130.5071737667827,-7.930096675147311,-0.6841753838416482,24.843433244949175,49,32.90905817671884,-8.065624931769662,2629.98,256200.0,673800.0,2064.2256470588327,565.7543529411673,0.2740758277794243
MILHO 2A SAFRA,MT,1997,38,153,560.0926765064632,22.82483536075926,35.82,87.20916123778865,2008.6038796533692,409.02558510127227,151.06709140519098,1.8328593767953292,23.92990926373284,-1.1050739029735794,-1.3339271968752195,101.32398142366911,-14.114820185880461,-1.895081748855841,41.931519902353905,54,49.810345129437174,-7.878825227083269,2099.94,352200.0,739600.0,2094.854151260457,5.085848739543053,0.0024277817796923657
MILHO 2A SAFRA,PR,1997,50,153,619.1075210449943,16.93051292046465,32.98,104.05056580287116,1147.447996121517,516.6276180966289,102.4799029483654,0.7248720868565149,17.438139715889985,-0.5076267954253346,-0.775819347367601,107.35853948475696,-3.307973681885798,-0.3730373495935053,19.646887741778947,31,21.716537867225618,-2.069650125446671,1400.03,673200.0,942500.0,2234.838084033632,-834.8080840336322,-0.37354298282177884
MILHO 2A SAFRA,BA,1998,6,153,129.10506523608169,25.228465044923034,37.67,123.50782550665872,2399.555673539756,286.92541012390734,-157.82034488782566,-1.253204755340057,23.58800028104237,1.640464763880665,1.633393387252303,112.83609988093444,10.671725625724278,0.8206995379479478,82.39369605122658,86,69.05260164010203,13.341094411124558,612.9,207700.0,127300.0,623.3119831208023,-10.411983120802347,-0.016704288386485952
MILHO 2A SAFRA,GO,1998,33,181,537.823816781526,22.508457161583262,36.32,108.76128442534446,2359.022555461784,543.0513014755227,-5.227484693996644,-0.05718509948259149,21.700579946411505,0.8078772151717573,1.5328590215441262,112.04341770896173,-3.28213328361727,-0.33140789173165963,49.914011333126254,62,49.7287022785315,0.18530905459475377,3199.9,205600.0,657900.0,3071.4491652660945,128.4508347339056,0.04182092159834828
MILHO 2A SAFRA,MG,1998,49,153,257.10543566657276,21.13194625712203,38.22,116.11264310083392,1777.6701374208724,293.5412547132784,-36.43581904670566,-0.5091213931355415,20.649671437923917,0.4822748191981141,0.7096124511108005,111.31699015986923,4.795652940964686,0.6386100740437788,56.4774217675773,92,47.04983821678689,9.427583550790409,2274.34,33900.0,77100.0,2829.6209284390206,-555.2809284390205,-0.196238627887639
MILHO 2A SAFRA,MS,1998,19,184,718.278680984983,21.105476481940254,36.1,111.90272070147591,2150.63517666491,470.74865403218394,247.53002695279906,2.071121746005953,21.33654202042826,-0.23106553848800715,-0.3286329842727866,130.5071737667827,-18.604453065306785,-1.6051139523950062,17.374392918839106,44,32.90905817671884,-15.53466525787973,2449.9,307400.0,753100.0,2187.0586526610714,262.8413473389287,0.12018029192729714
MILHO 2A SAFRA,MT,1998,38,153,340.4667665932254,25.320397858643965,37.71,106.11171950373716,2407.220246040265,409.02558510127227,-68.5588185080469,-0.8318070613237809,23.92990926373284,1.390488594911126,1.6784493314933586,101.32398142366911,4.787738080068053,0.6428105306587795,61.68019252353613,88,49.810345129437174,11.869847394098954,2149.88,366300.0,787500.0,2276.4407815125887,-126.56078151258862,-0.05559590328042484
MILHO 2A SAFRA,PR,1998,50,153,766.2856651781278,17.141736923011052,32.62,95.23790950307001,1175.4814101241877,516.6276180966289,249.65804708149892,1.7659086745980834,17.438139715889985,-0.2964027928789328,-0.45300016350908195,107.35853948475696,-12.120629981686946,-1.3668330278838567,13.581987567160077,18,21.716537867225618,-8.134550300065541,2520.02,794400.0,2001900.0,2363.2637198879675,156.75628011203253,0.06633042211618417
MILHO 2A SAFRA,BA,1999,6,153,185.0446743281575,24.045893949137223,34.39,123.28640047416756,2215.4129123781863,286.92541012390734,-101.88073579574984,-0.8090048381755043,23.58800028104237,0.45789366809485443,0.4559198746589129,112.83609988093444,10.450300593233123,0.8036710433793136,78.38740772984022,83,69.05260164010203,9.334806089738194,799.94,319900.0,255900.0,708.5639082884882,91.37609171151189,0.1289595626345515
MILHO 2A SAFRA,GO,1999,33,181,477.76379533027927,21.898530535109867,35.37,115.95954411215605,2240.8408157118806,543.0513014755227,-65.28750614524341,-0.7142005672773463,21.700579946411505,0.19795058869836168,0.37558968121380204,112.04341770896173,3.916126403194326,0.3954242813707317,47.2198830817728,82,49.7287022785315,-2.508819196758701,2400.17,236400.0,567400.0,3196.12770868346,-795.9577086834597,-0.24903814278789518
MILHO 2A SAFRA,MG,1999,49,153,261.598575263621,20.580203598894443,34.11,116.00526625120744,1693.0650490197527,293.5412547132784,-31.94267944965742,-0.4463382980644704,20.649671437923917,-0.06946783902947473,-0.10221401069423462,111.31699015986923,4.68827609133821,0.6243113041505683,48.59951155224639,83,47.04983821678689,1.5496733354595023,1740.48,42000.0,73100.0,2945.7165880608372,-1205.2365880608372,-0.40914886141651646
MILHO 2A SAFRA,MS,1999,19,184,431.76881374454376,21.040937660042275,39.82,130.07094610708165,2148.1493453747853,470.74865403218394,-38.97984028764017,-0.32615030939646406,21.33654202042826,-0.2956043603859868,-0.42042332990619113,130.5071737667827,-0.4362276597010464,-0.037635887523749904,46.980114128575195,63,32.90905817671884,14.071055951856358,2344.86,292000.0,684700.0,2309.89165826331,34.968341736690036,0.01513852029015982
MILHO 2A SAFRA,MT,1999,38,153,325.4801603385655,23.931108965339327,36.65,104.57028519940656,2184.297386486884,409.02558510127227,-83.54542476270677,-1.0136358206166802,23.92990926373284,0.0011997016064881905,0.0014481516545846351,101.32398142366911,3.246303775737445,0.43585472259830166,55.91526046877388,85,49.810345129437174,6.104915339336706,1500.0,362600.0,543900.0,2458.0274117646622,-958.0274117646622,-0.3897545679024292
MILHO 2A SAFRA,PR,1999,50,153,500.0871308992477,16.757348055906807,36.08,111.7899518150568,1126.0776826983852,516.6276180966289,-16.540487197381196,-0.11699598777362441,17.438139715889985,-0.6807916599831785,-1.0404717522819233,107.35853948475696,4.431412330299835,0.49972656061418436,29.79827335656145,56,21.716537867225618,8.08173548933583,2599.96,1008900.0,2623100.0,2491.6893557423027,108.27064425769731,0.04345270569470416
MILHO 2A SAFRA,BA,2000,6,153,254.3565924802935,22.75092057977464,34.02,114.58016126242057,2004.7684883401275,286.92541012390734,-32.56881764361384,-0.2586193635287673,23.58800028104237,-0.8370797012677293,-0.8334713910095936,112.83609988093444,1.7440613814861337,0.13412548449411482,86.07949912572728,99,69.05260164010203,17.026897485625256,840.08,303900.0,255300.0,793.815833456174,46.264166543826036,0.058280730358322146
MILHO 2A SAFRA,GO,2000,33,182,629.9995787010427,20.942241273928595,34.59,111.01818704313143,2075.767014353447,543.0513014755227,86.94827722551997,0.9511545559743911,21.700579946411505,-0.7583386724829104,-1.4388650325459298,112.04341770896173,-1.0252306658302928,-0.10352094328326598,80.08249132171727,98,49.7287022785315,30.35378904318577,2600.08,264800.0,688500.0,3320.806252100825,-720.7262521008251,-0.21703351457040762
MILHO 2A SAFRA,MG,2000,49,153,297.1428471464481,19.73679395241108,34.18,117.93893918992377,1564.7217004146046,293.5412547132784,3.601592433169685,0.0503254161716879,20.649671437923917,-0.912877485512837,-1.3431952162373269,111.31699015986923,6.621949030054537,0.881807631297562,68.20367646381537,101,47.04983821678689,21.15383824702848,1000.0,63000.0,63000.0,3061.8122476826247,-2061.8122476826247,-0.6733960415904456
MILHO 2A SAFRA,MS,2000,19,184,592.00064722609,20.568328844376783,36.54,112.00000470973772,2075.8148913456025,470.74865403218394,121.25199319390606,1.014534046402183,21.33654202042826,-0.7682131760514785,-1.0925912633076449,130.5071737667827,-18.507169057044976,-1.5967206973792416,19.33906243562255,65,32.90905817671884,-13.569995741096285,1695.02,373800.0,633600.0,2432.724663865549,-737.7046638655488,-0.3032421526459766
MILHO 2A SAFRA,MT,2000,38,153,386.0069162805515,23.287241372676824,36.33,104.26433276424056,2079.759041256139,409.02558510127227,-23.01866882072079,-0.2792797729602322,23.92990926373284,-0.6426678910560142,-0.7757600429539363,101.32398142366911,2.9403513405714534,0.39477698527926236,69.72707255202118,94,49.810345129437174,19.91672742258401,2099.95,366200.0,769000.0,2639.6140420167358,-539.664042016736,-0.2044480872682501
MILHO 2A SAFRA,PR,2000,50,153,467.3692423552418,16.68412392867672,35.27,102.16670607347078,1149.7275658662625,516.6276180966289,-49.25837574138711,-0.34841974466751907,17.438139715889985,-0.754015787213266,-1.152382106721762,107.35853948475696,-5.191833411286183,-0.5854785924938528,12.644224468963442,20,21.716537867225618,-9.072313398262176,1069.96,1124900.0,1203600.0,2620.114991596638,-1550.154991596638,-0.5916362436642557
MILHO 2A SAFRA,BA,2001,6,153,272.29837631749086,23.727633862122907,35.2,114.28018828748866,2158.253024283068,286.92541012390734,-14.627033806416478,-0.11614895618020502,23.58800028104237,0.13963358108053825,0.139031677483748,112.83609988093444,1.444088406554215,0.11105633049243588,64.29878690531086,77,69.05260164010203,-4.753814734791163,429.95,280500.0,120600.0,879.0677586238598,-449.11775862385986,-0.5109023214853574
MILHO 2A SAFRA,GO,2001,33,181,484.80343319348407,21.92919184406749,36.22,111.50761692054824,2241.59616949006,543.0513014755227,-58.24786828203861,-0.6371917542259956,21.700579946411505,0.2286118976559841,0.43376617532132683,112.04341770896173,-0.5358007884134821,-0.05410158404066184,45.39956181287277,75,49.7287022785315,-4.329140465658732,3399.76,165600.0,563000.0,3445.4847955181904,-45.72479551819015,-0.01327093231630798
MILHO 2A SAFRA,MG,2001,49,153,273.7161074004824,21.46696759477066,36.9,114.75574568282943,1831.7199776113687,293.5412547132784,-19.825147312796048,-0.277018793129632,20.649671437923917,0.8172961568467443,1.2025581806401793,111.31699015986923,3.438755522960193,0.45791969230665663,49.134274975609046,65,47.04983821678689,2.0844367588221573,3000.0,24900.0,74700.0,3177.9079073044413,-177.90790730444132,-0.05598271331133255
MILHO 2A SAFRA,MS,2001,19,184,496.598402328227,20.984585429617834,36.89,117.58458153473747,2138.3862854589415,470.74865403218394,25.84974829604306,0.21628881345746448,21.33654202042826,-0.3519565908104276,-0.5005702950312952,130.5071737667827,-12.922592232045233,-1.1149068999747611,26.449697041803375,31,32.90905817671884,-6.459361134915461,2950.14,328900.0,970300.0,2555.5576694677875,394.5823305322124,0.15440165379417436
MILHO 2A SAFRA,MT,2001,38,153,420.1980071415223,24.335187337461093,37.63,97.92699561233148,2247.833674983533,409.02558510127227,11.172422040250012,0.1355522126461183,23.92990926373284,0.40527807372825464,0.4892084080427736,101.32398142366911,-3.396985811337629,-0.45608557016035595,50.01119617343272,65,49.810345129437174,0.20085104399554865,2950.14,322900.0,952600.0,2821.2006722688675,128.93932773113238,0.04570370658087102
MILHO 2A SAFRA,PR,2001,50,153,512.920795069986,17.317400183723905,33.7,104.72653739054196,1227.3557686139181,516.6276180966289,-3.706823026642951,-0.026219507099692438,17.438139715889985,-0.12073953216608047,-0.18452939421385603,107.35853948475696,-2.6320020942149966,-0.2968086145083224,23.265832137352028,28,21.716537867225618,1.5492942701264099,3100.01,944900.0,2929200.0,2748.5406274510024,351.46937254899785,0.12787490533656426
MILHO 2A SAFRA,BA,2002,6,153,187.35752298632457,24.295901563672878,36.54,122.67972135798288,2252.2476999642304,286.92541012390734,-99.56788713758277,-0.7906391899515253,23.58800028104237,0.7079012826305089,0.7048498080146572,112.83609988093444,9.843621477048444,0.7570149272273727,62.80415067303882,69,69.05260164010203,-6.2484509670632065,819.9,322600.0,264500.0,964.3196837915457,-144.4196837915457,-0.14976328516256288
MILHO 2A SAFRA,GO,2002,33,181,555.2881613225339,21.788892978683105,36.12,116.22639684320893,2217.5569591072012,543.0513014755227,12.23685984701126,0.1338628592274014,21.700579946411505,0.08831303227159992,0.16756435965168184,112.04341770896173,4.182979134247205,0.4223692873650046,59.255443110556634,71,49.7287022785315,9.526740832025133,3620.0,265000.0,959300.0,3570.1633389355557,49.83666106444434,0.013959210359070894
MILHO 2A SAFRA,MG,2002,49,153,175.34301668754182,21.10753990651918,35.27,121.8811720076881,1773.3478402513092,293.5412547132784,-118.1982380257366,-1.6515959620035021,20.649671437923917,0.45786846859526165,0.6737012868025409,111.31699015986923,10.564181847818858,1.4067725573757743,52.76877930452882,69,47.04983821678689,5.718941087741932,3500.0,37400.0,130900.0,3294.003566926229,205.9964330737712,0.06253679720996629
MILHO 2A SAFRA,MS,2002,19,184,382.64092276981296,22.870718045864514,38.52,134.4055890699263,2493.6832990687244,470.74865403218394,-88.10773126237098,-0.7372109172174982,21.33654202042826,1.5341760254362526,2.1819819992977725,130.5071737667827,3.8984153031435937,0.33633887399649853,35.460197039304575,59,32.90905817671884,2.551138862585738,1956.88,361800.0,708000.0,2678.3906750700553,-721.5106750700552,-0.26938216362001915
MILHO 2A SAFRA,MT,2002,38,153,359.4181015508305,24.13665360543006,37.08,104.23567082546576,2213.1635048579074,409.02558510127227,-49.60748355044177,-0.6018752366177014,23.92990926373284,0.20674434169722034,0.24955968958085079,101.32398142366911,2.91168940179665,0.39092878060193403,58.419859393583515,68,49.810345129437174,8.609514264146341,2720.01,558600.0,1519400.0,3002.787302520941,-282.7773025209408,-0.09417160592211767
MILHO 2A SAFRA,PR,2002,50,153,538.9706379828548,18.86006961363047,37.55,103.92593859073338,1457.649295047779,516.6276180966289,22.343019886225875,0.15803909825876247,17.438139715889985,1.4219298977404833,2.1731727623699926,107.35853948475696,-3.4326008940235795,-0.3870914532152132,18.95209607438158,39,21.716537867225618,-2.764441792844039,1980.03,1001600.0,1983200.0,2876.9662633053376,-896.9362633053377,-0.31176460938921485
MILHO 2A SAFRA,MG,1995,49,153,302.06277226465113,20.55070244581961,35.45,104.69399451004318,1687.870393759378,293.5412547132784,8.52151755137271,0.1190720285942387,20.649671437923917,-0.09896899210430732,-0.14562159639160693,111.31699015986923,-6.622995649826052,-0.8819470037538283,45.99227929017427,81,47.04983821678689,-1.0575589266126215,,,,2481.333949573629,,
MILHO 2A SAFRA,MG,1992,49,153,310.38736104114054,19.955251129842825,33.09,101.55397087648294,1594.7176313943185,293.5412547132784,16.846106327862117,0.23539235145383908,20.649671437923917,-0.6944203080810922,-1.0217603683681358,111.31699015986923,-9.7630192833863,-1.3000862539898455,54.34662536480539,91,47.04983821678689,7.2967871480185025,,,,2133.0469707082084,,
MILHO 2A SAFRA,MG,1996,49,153,298.6144515505964,20.56292236248893,36.8,108.8256096259744,1695.6947403683544,293.5412547132784,5.073196837317994,0.07088829369130624,20.649671437923917,-0.08674907543498733,-0.12764138122195748,111.31699015986923,-2.4913805338948407,-0.33176310437964385,44.73316467698817,70,47.04983821678689,-2.316673539798721,,,,2597.4296091954166,,
MILHO 2A SAFRA,BA,2021,6,153,194.94840487926868,24.455012259615543,38.02,121.48657709067109,2272.778995007847,286.92541012390734,-91.97700524463866,-0.7303622383821707,23.58800028104237,0.8670119785731742,0.8632746424372313,112.83609988093444,8.65047720973665,0.6652572318713722,39.2087637455433,60,69.05260164010203,-29.843837894558725,,,,2584.1062619776058,,
MILHO 2A SAFRA,MG,1994,49,153,403.2953303417167,19.9316766058869,33.0,101.36002274135988,1592.739764629548,293.5412547132784,109.75407562843827,1.5336048248188425,20.649671437923917,-0.717994832037018,-1.0564475945350542,111.31699015986923,-9.95696741850935,-1.3259132340603985,29.5452816552784,64,47.04983821678689,-17.504556561508487,,,,2365.2382899518125,,
MILHO 2A SAFRA,MG,1993,49,153,253.07848097596224,20.002326394085415,34.49,108.27240760835109,1599.7552800471997,293.5412547132784,-40.46277373731618,-0.5653904392505541,20.649671437923917,-0.6473450438385022,-0.9524944802974787,111.31699015986923,-3.044582551518147,-0.4054298992425186,46.90926583005123,75,47.04983821678689,-0.14057238673565564,,,,2249.142630330025,,
MILHO 2A SAFRA,BA,2020,6,153,367.5880617647694,23.57800683871431,34.18,107.7926454473247,2153.1323605071752,286.92541012390734,80.66265164086207,0.6405182974762633,23.58800028104237,-0.009993442328060098,-0.009950364661247945,112.83609988093444,-5.043454433609739,-0.38786236345390684,57.01981244332444,66,69.05260164010203,-12.032789196777586,,,,2498.85433680992,,
